-16.3,59.400000000000006,105.34485999015116,-38.400000000000006,51.400000000000006,126.76273608841721,49.6,8.1,9.274898017160321
-28.5,23.200000000000003,140.85320152263301,37.4,36.5,44.30225098272524,-35.9,7.2,168.65937884144097
41.400000000000006,25.8,31.93068210371782,0,0,0,0,0,0
34.9,59.900000000000006,59.77330833245535,14.3,39.800000000000004,70.23681559214342,-46.1,7.7,170.51752451123215
-24.700000000000003,44.7,118.92384180154261,0,0,0,0,0,0
-47.5,1.0,178.79395122078003,-11.100000000000001,61.6,100.21478458600411,-49.0,36.0,143.69550287742476
-51.300000000000004,37.6,143.76069081761017,39.7,42.800000000000004,47.151919909968555,41.400000000000006,43.400000000000006,46.351065082719636
7.0,55.0,82.74680538727468,49.800000000000004,5.0,5.733374758371869,-46.0,7.6000000000000005,170.61848983925177
-63.0,11.600000000000001,169.5671542367445,31.0,31.200000000000003,45.18423016737505,-42.400000000000006,53.5,128.39764682802897
-55.0,40.300000000000004,143.76874989030293,0,0,0,0,0,0
-34.800000000000004,15.3,156.267060195928,9.200000000000001,38.0,76.39026810418781,0,0,0
-27.200000000000003,48.2,119.43670437010371,0,0,0,0,0,0
-49.900000000000006,46.400000000000006,137.0814849407188,0,0,0,0,0,0
-19.0,52.400000000000006,109.93041268680564,0,0,0,0,0,0
29.900000000000002,40.2,53.35882680588115,-36.1,39.400000000000006,132.49727412053363,-37.5,52.6,125.48612500805204
-65.0,18.8,163.86850396744967,-34.9,16.8,154.29498253170456,54.300000000000004,32.9,31.211386668273878
46.300000000000004,12.100000000000001,14.64605894503736,-61.6,11.5,169.4252781756766,-5.9,59.2,95.69142746518784
-40.0,30.0,143.13010235415598,23.400000000000002,39.5,59.35728481956524,19.1,48.6,68.54496902916131
-27.900000000000002,53.1,117.71850162818335,-60.7,6.0,174.35483431474518,43.800000000000004,42.900000000000006,44.4052554847815
-20.6,58.0,109.55363481894506,-16.0,53.6,106.62075691389205,29.400000000000002,27.0,42.56335175318987
43.1,8.0,10.515276869529284,28.0,61.6,65.55604521958347,38.900000000000006,35.9,42.70327188162252
13.0,43.800000000000004,73.46891899659433,61.0,1.6,1.5024956157010674,55.5,10.3,10.51365602264822
-5.9,58.400000000000006,95.76886988924221,0.1,55.300000000000004,89.89639110838966,0,0,0
-59.800000000000004,22.8,159.12960654725637,-50.900000000000006,19.8,158.7440625835625,-28.8,46.5,121.77220399744242
57.7,32.0,29.012431444016052,0,0,0,0,0,0
-3.2,60.6,93.02271228834063,0,0,0,0,0,0
37.300000000000004,48.800000000000004,52.60771962082081,29.8,19.1,32.657418437387534,0,0,0
44.6,42.6,43.686106975502064,-62.400000000000006,14.5,166.9182363075003,0,0,0
64.5,14.600000000000001,12.754343481829794,-13.600000000000001,53.2,104.33992850134223,3.9000000000000004,64.60000000000001,86.54516010789678
14.200000000000001,39.2,70.0873390731516,-20.900000000000002,54.800000000000004,110.87619391847231,66.8,2.4000000000000004,2.057645946948279
60.900000000000006,11.200000000000001,10.420712396794508,-43.7,54.300000000000004,128.8267011573171,-58.1,23.6,157.89319689075765
2.7,36.9,85.8150838748816,14.100000000000001,34.9,68.00072723676755,0,0,0
-54.5,10.200000000000001,169.3993883015326,19.400000000000002,58.800000000000004,71.74062502847802,-37.1,7.5,168.57131996644225
-17.8,56.2,107.57434733308807,0,0,0,0,0,0
-3.1,59.400000000000006,92.98747347405828,63.5,0.0,0.0,0,0,0
24.5,31.6,52.21298961966594,59.7,35.300000000000004,30.59539111612525,-49.800000000000004,6.7,172.33754208974307
-57.7,22.8,158.43867917520635,0,0,0,0,0,0
21.400000000000002,62.300000000000004,71.04244454201863,0,0,0,0,0,0
43.6,22.400000000000002,27.19235216430358,0,0,0,0,0,0
36.7,20.8,29.542721196683278,0,0,0,0,0,0
57.7,34.300000000000004,30.72953901398372,46.300000000000004,44.300000000000004,43.73539789547649,2.5,50.800000000000004,87.18259881334235
-66.7,5.300000000000001,175.45680765769498,63.5,6.4,5.7552577523320885,-26.900000000000002,40.300000000000004,123.72286419069378
61.300000000000004,12.5,11.525464170276974,0,0,0,0,0,0
0.1,55.300000000000004,89.89639110838966,30.8,28.3,42.57776474949316,0,0,0
-17.1,57.800000000000004,106.48073286556232,-38.2,8.5,167.4553120862903,0,0,0
28.0,26.3,43.20679520561871,-34.7,50.7,124.38844650256816,-51.300000000000004,28.200000000000003,151.20207014983126
-34.300000000000004,36.7,133.0639784170726,4.1000000000000005,58.1,85.96344381434567,0,0,0
-48.6,10.0,168.37301901769396,0,0,0,0,0,0
-11.600000000000001,38.5,106.7674859591248,0,0,0,0,0,0
-10.8,58.5,100.45990909292912,0,0,0,0,0,0
22.3,45.400000000000006,63.84021725076124,-38.400000000000006,27.0,144.8879888155778,27.900000000000002,51.2,61.41306720631491
-37.0,42.5,131.04244688587215,0,0,0,0,0,0
5.4,38.5,82.01579418630995,21.0,36.1,59.81268904501831,0,0,0
25.5,42.1,58.796680629058955,61.0,29.900000000000002,26.112427706628658,-54.7,12.200000000000001,167.42683713848362
-12.700000000000001,56.5,102.66831766638366,0,0,0,0,0,0
-33.4,15.8,154.68332754644103,0,0,0,0,0,0
-10.5,50.300000000000004,101.79103076599071,0,0,0,0,0,0
48.6,10.8,12.528807709151511,-31.5,62.400000000000006,116.7849955075022,-63.5,11.0,170.17227598883687
-66.5,16.3,166.22760345683443,0,0,0,0,0,0
57.800000000000004,25.0,23.389735023919386,-59.1,11.200000000000001,169.2691704545908,0,0,0
27.3,30.700000000000003,48.35487873928736,-6.7,51.900000000000006,97.35588218922791,0,0,0
18.0,35.7,63.24268182812344,0,0,0,0,0,0
58.2,13.4,12.965853852810074,48.1,50.2,46.22383354756867,-7.1000000000000005,34.800000000000004,101.53139490319698
41.300000000000004,0.30000000000000004,0.4161847831665007,45.2,42.5,43.236604826608385,0,0,0
-16.6,41.7,111.7065882580437,0,0,0,0,0,0
32.800000000000004,39.7,50.4366025654433,0,0,0,0,0,0
-9.8,46.0,102.02668965490533,-31.3,15.9,153.07001248719135,55.400000000000006,20.8,20.57870968814542
-49.400000000000006,25.6,152.6059680625825,11.8,52.900000000000006,77.42532815854887,-41.6,3.6,175.05403345289585
-37.2,50.400000000000006,126.43085812016236,9.600000000000001,52.300000000000004,79.59877720579179,24.8,43.7,60.42484157225747
-6.7,56.900000000000006,96.71567914275381,-29.6,20.0,145.95406264339834,-47.400000000000006,2.6,176.86033985217975
-24.1,48.2,116.56505117707799,-64.3,16.8,165.3573639894308,0,0,0
-47.400000000000006,23.200000000000003,153.92049465293013,0,0,0,0,0,0
62.400000000000006,9.1,8.297144969836873,0,0,0,0,0,0
-35.4,15.0,157.03622694014544,-33.0,33.300000000000004,134.74074484849862,-27.200000000000003,47.300000000000004,119.90117764809513
20.1,59.5,71.33425371639248,18.400000000000002,50.900000000000006,70.12542521161508,0,0,0
-35.0,3.2,174.77605240373157,0,0,0,0,0,0
66.3,21.8,18.201301719506457,40.1,42.2,46.461665054728705,-8.0,47.1,99.63976899637463
-4.9,42.800000000000004,96.5311280126151,44.1,28.3,32.68923723754047,23.700000000000003,51.900000000000006,65.45631376327802
2.5,65.4,87.8108602394226,-36.6,31.700000000000003,139.10350121790609,-14.200000000000001,39.400000000000006,109.81947152959518
61.800000000000004,9.600000000000001,8.829744667909065,-54.900000000000006,41.7,142.78104622298355,-46.400000000000006,41.0,138.5355196080636
41.0,19.3,25.20785324134653,-16.5,56.400000000000006,106.3070054163131,39.900000000000006,29.5,36.47730876704367
43.2,18.7,23.406356725341883,0,0,0,0,0,0
-25.900000000000002,55.5,115.01689347810002,-38.2,22.3,149.72491490238124,0,0,0
7.9,54.400000000000006,81.73723464247094,0,0,0,0,0,0
-46.400000000000006,26.5,150.26841855878757,0,0,0,0,0,0
-29.400000000000002,24.900000000000002,139.73744334801012,63.6,26.8,22.849762071649224,-60.1,22.200000000000003,159.7265586353083
-39.0,55.0,125.34010692155765,0,0,0,0,0,0
-26.900000000000002,61.900000000000006,113.48841105098964,-32.7,50.7,122.82081894747586,0,0,0
-66.3,1.6,178.61756475187698,9.1,62.2,81.67654929255708,45.7,1.8,2.255560631945242
-29.6,25.700000000000003,139.03407194661256,-43.0,36.0,140.06361685303008,0,0,0
33.300000000000004,32.6,44.39141824987894,28.6,57.7,63.63389170228263,44.7,34.7,37.821701788423034
-27.900000000000002,63.0,113.88649992163474,39.300000000000004,14.600000000000001,20.3800955843363,47.2,37.800000000000004,38.68940317889254
-11.600000000000001,51.0,102.81397721426377,6.7,40.1,80.51450926128688,-31.400000000000002,53.5,120.4093496490313
-18.7,38.400000000000006,115.96511729682403,-16.3,35.800000000000004,114.48011874332697,27.900000000000002,45.300000000000004,58.37133196989192
-40.800000000000004,46.900000000000006,131.02118291226572,-5.9,59.2,95.69142746518784,55.6,4.7,4.831861071512463
-4.9,42.800000000000004,96.5311280126151,21.8,40.5,61.707681250500606,-48.5,11.4,166.77265001436203
58.800000000000004,28.0,25.463345061871614,-32.6,21.200000000000003,146.96377889124403,0,0,0
-49.300000000000004,21.200000000000003,156.73131436654694,-21.700000000000003,43.300000000000004,116.617955852267,0,0,0
23.5,27.5,49.48460600954463,-55.800000000000004,40.2,144.22988624372772,0,0,0
45.7,20.400000000000002,24.05548265151399,-26.900000000000002,61.400000000000006,113.65874261038508,0,0,0
-14.700000000000001,31.8,114.80940837545953,0,0,0,0,0,0
2.1,66.5,88.19126067750794,49.2,1.4000000000000001,1.6299278853841694,-55.300000000000004,36.6,146.5016365834552
-24.1,46.6,117.34653082242798,59.7,35.300000000000004,30.59539111612525,0,0,0
29.1,32.1,47.80637025178826,-27.1,39.800000000000004,124.25112577397857,55.7,15.100000000000001,15.168043117340646
-14.700000000000001,55.7,104.7840617019742,39.900000000000006,17.6,23.802408051381303,0,0,0
23.400000000000002,39.5,59.35728481956524,0,0,0,0,0,0
63.1,14.9,13.286061017988915,-22.8,47.300000000000004,115.73544284532561,0,0,0
-18.3,31.900000000000002,119.8415014068944,0,0,0,0,0,0
6.6000000000000005,48.300000000000004,82.21895377701648,-53.2,6.1000000000000005,173.45893709279898,0,0,0
-33.2,51.2,122.9608878839777,-34.2,11.100000000000001,162.01857030303597,-40.5,36.1,138.28752882669272
54.300000000000004,29.1,28.187373764575796,-35.2,0.1,179.83722833700688,-5.4,47.800000000000004,96.4454180362597
-38.0,4.2,173.69290806526234,-61.7,0.7000000000000001,179.3499947323703,0,0,0
45.0,32.0,35.41705527646743,37.4,23.700000000000003,32.362019796148,46.7,22.6,25.82419876768865
-23.5,34.2,124.4943003791699,0,0,0,0,0,0
4.9,47.1,84.06065838030436,0,0,0,0,0,0
-41.6,3.6,175.05403345289585,0,0,0,0,0,0
68.8,3.4000000000000004,2.8291758376302907,-35.9,35.300000000000004,135.48281817394331,0,0,0
-56.800000000000004,36.5,147.2749714281519,0,0,0,0,0,0
-11.5,51.6,102.564073880024,-31.6,43.5,125.9960342499748,0,0,0
2.6,50.1,87.0292313941602,-0.9,54.300000000000004,90.94956685643581,48.7,8.0,9.328721365355776
49.1,1.4000000000000001,1.6332456979660108,0,0,0,0,0,0
57.900000000000006,6.0,5.9162694112632135,-34.9,24.8,144.60233333732253,13.8,57.300000000000004,76.45889291794853
60.900000000000006,11.200000000000001,10.420712396794508,9.0,50.1,79.81596680397591,0,0,0
63.5,0.6000000000000001,0.5413613336561415,3.5,61.800000000000004,86.7585560178607,0,0,0
-24.400000000000002,59.400000000000006,112.33160399503029,0,0,0,0,0,0
-24.0,25.8,132.9299693469589,-63.0,11.100000000000001,170.00758547378373,0,0,0
68.7,7.800000000000001,6.477459761941944,0,0,0,0,0,0
-68.9,9.600000000000001,172.06791032603695,-39.400000000000006,42.2,133.03473942807946,-65.5,10.4,170.9779688684897
27.5,45.2,58.683372788239524,-25.1,52.6,115.50983764348227,0,0,0
-63.400000000000006,7.0,173.69948676541534,-52.2,23.3,155.9459192711824,0,0,0
-30.400000000000002,35.0,130.97664768096666,0,0,0,0,0,0
36.6,18.400000000000002,26.69015093355253,0,0,0,0,0,0
45.0,34.1,37.154040167009825,40.900000000000006,52.400000000000006,52.02673895040694,0,0,0
-33.4,15.8,154.68332754644103,-40.7,43.400000000000006,133.16117136923637,-49.800000000000004,35.1,144.8230807917849
60.900000000000006,22.900000000000002,20.607579456013035,0,0,0,0,0,0
-3.1,59.400000000000006,92.98747347405828,-47.300000000000004,0.1,179.8788674542316,45.800000000000004,45.300000000000004,44.68553674967129
22.0,58.900000000000006,69.51861416790594,-11.100000000000001,61.6,100.21478458600411,20.8,45.400000000000006,65.38512692789487
-56.7,30.400000000000002,151.80178420786694,46.7,22.6,25.82419876768865,37.7,30.0,38.51122958029492
-56.7,30.400000000000002,151.80178420786694,51.7,9.4,10.304846468766033,-3.4000000000000004,48.1,94.0432883453639
9.700000000000001,47.1,78.36293367736432,50.900000000000006,36.7,35.79241837136732,-59.800000000000004,22.8,159.12960654725637
-24.5,65.4,110.5368410039416,0,0,0,0,0,0
-6.4,37.6,99.65989307844234,-56.2,14.200000000000001,165.8199180572291,0,0,0
-6.7,51.900000000000006,97.35588218922791,0,0,0,0,0,0
-40.400000000000006,22.700000000000003,150.6691869886725,0,0,0,0,0,0
-17.1,37.7,114.39813649389133,15.700000000000001,43.0,69.94203901217892,0,0,0
-29.400000000000002,23.400000000000002,141.48307369289725,-53.800000000000004,32.7,148.70848584185757,0,0,0
-23.3,42.1,118.96207970713759,31.200000000000003,21.400000000000002,34.446126301730466,49.2,42.300000000000004,40.6874968560611
43.7,16.1,20.224859431168078,-8.4,45.300000000000004,100.50506386991734,-45.6,5.300000000000001,173.37036848149842
-12.5,46.400000000000006,105.07734445117731,0,0,0,0,0,0
2.7,51.800000000000004,87.01624065196765,21.700000000000003,36.1,58.989585677333565,0,0,0
6.7,46.1,81.73074605662069,-63.7,9.600000000000001,171.42965333896285,-56.1,28.400000000000002,153.14969480951387
17.2,31.5,61.364058556967635,40.2,10.0,13.969152421877169,50.800000000000004,37.800000000000004,36.65273211782626
-4.0,46.900000000000006,94.87483660663737,2.9000000000000004,38.2,85.65864775849421,0,0,0
43.0,43.5,45.33118578841539,32.0,16.1,26.7081115027838,0,0,0
-29.5,31.6,133.03152549072686,0,0,0,0,0,0
-8.200000000000001,56.400000000000006,98.27227521251294,-38.2,38.900000000000006,134.4798191478522,-27.0,53.2,116.90864993369318
47.300000000000004,9.600000000000001,11.472902557312736,-7.0,68.7,95.81791940010521,0,0,0
-4.5,64.5,93.99091309842977,33.800000000000004,60.5,60.80888203847286,0,0,0
-28.5,47.6,120.91062290324341,-66.2,20.400000000000002,162.87294677874178,0,0,0
14.8,43.800000000000004,71.32991249918173,45.300000000000004,32.6,35.74055722978036,0,0,0
50.5,16.400000000000002,17.991333426942468,-11.5,48.2,103.41927898930331,0,0,0
-21.1,40.6,117.46109979230232,-22.6,41.0,118.86441133869447,62.400000000000006,7.1000000000000005,6.491314429169647
29.700000000000003,29.3,44.61155998851995,53.6,9.8,10.36127696218723,0,0,0
48.800000000000004,20.400000000000002,22.686526674230286,0,0,0,0,0,0
58.400000000000006,35.4,31.22275126005092,-23.0,37.300000000000004,121.65889626402108,-45.0,37.2,140.42059528376237
-57.1,11.5,168.61290153962196,-51.5,44.1,139.42620292743874,-6.0,59.400000000000006,95.76788889791413
57.1,15.5,15.187172361339215,-27.5,35.6,127.68507827287375,0,0,0
23.400000000000002,39.5,59.35728481956524,29.1,32.300000000000004,47.983400032228104,0,0,0
47.0,22.8,25.878319583254246,-42.2,23.1,151.30399593581708,0,0,0
20.5,59.7,71.0483697767109,52.1,26.0,26.52104521068257,-26.400000000000002,26.200000000000003,135.21785362509715
-63.6,16.1,165.7943055525132,0,0,0,0,0,0
-18.5,62.7,106.43900145737774,49.2,1.4000000000000001,1.6299278853841694,20.6,35.5,59.87419136034264
62.7,19.1,16.94205698552856,-64.2,7.6000000000000005,173.24874206841767,-22.3,56.400000000000006,111.57335033141395
-40.5,14.600000000000001,160.17607959622944,-4.6000000000000005,51.400000000000006,95.11401383139514,0,0,0
-54.0,12.5,166.96664367408616,0,0,0,0,0,0
-20.700000000000003,32.1,122.81634341401261,0,0,0,0,0,0
31.700000000000003,57.2,61.004963747661044,0,0,0,0,0,0
30.400000000000002,37.1,50.668568955866434,-55.7,1.6,178.35461319275444,0,0,0
47.7,22.1,24.858872882630994,-1.5,55.300000000000004,91.55375408297199,7.2,67.10000000000001,83.87545163592931
57.900000000000006,6.0,5.9162694112632135,-18.5,50.800000000000004,110.01026950003869,59.0,24.400000000000002,22.467996972459527
55.400000000000006,20.8,20.57870968814542,0,0,0,0,0,0
12.100000000000001,43.800000000000004,74.55688192304699,41.400000000000006,25.8,31.93068210371782,-39.5,36.6,137.1823574128429
12.600000000000001,58.1,77.76388849058367,-35.4,16.6,154.87687219460332,0,0,0
-66.4,1.2000000000000002,178.96464681345506,-19.5,30.900000000000002,122.25471052686716,0,0,0
64.0,26.8,22.7214981532193,28.6,31.3,47.580867474451765,6.2,43.300000000000004,81.85137330781728
-50.300000000000004,46.1,137.49471145079704,0,0,0,0,0,0
57.7,34.300000000000004,30.72953901398372,-51.900000000000006,39.5,142.72599898774973,9.4,67.4,82.06040660133849
63.1,24.400000000000002,21.14087802053808,0,0,0,0,0,0
-20.6,58.0,109.55363481894506,-30.700000000000003,30.400000000000002,135.28131907901155,-12.700000000000001,56.5,102.66831766638366
-45.2,44.5,135.44711517867682,0,0,0,0,0,0
-29.5,40.7,125.93519069813075,0,0,0,0,0,0
18.0,54.300000000000004,71.66006896644463,-21.6,49.1,113.74558378510454,0,0,0
-38.7,11.100000000000001,163.9959595141184,0,0,0,0,0,0
-4.9,59.5,94.70785224437222,0,0,0,0,0,0
66.2,20.3,17.047976170300018,-55.0,40.400000000000006,143.701026160727,56.2,37.800000000000004,33.92469266623728
29.5,19.5,33.46537934635529,-36.0,41.0,131.28471089457122,-34.5,39.0,131.49646835521554
-29.900000000000002,51.6,120.0904631307022,0,0,0,0,0,0
-64.0,28.1,156.29552339597305,0,0,0,0,0,0
-39.400000000000006,57.2,124.55950542669389,69.60000000000001,3.4000000000000004,2.796708503275842,-39.300000000000004,43.1,132.35958966064283
-53.5,42.6,141.4710336730969,-55.7,1.6,178.35461319275444,-29.1,50.5,119.95216454917917
33.1,44.5,53.357383374297115,17.8,36.6,64.06454743133227,0,0,0
34.800000000000004,9.1,14.654380288620919,-21.700000000000003,31.3,124.73321116729291,-39.900000000000006,37.7,136.62392989749577
56.0,28.900000000000002,27.29696596226651,0,0,0,0,0,0
-43.300000000000004,48.1,131.99379292297422,39.0,27.400000000000002,35.09050030012359,0,0,0
46.300000000000004,28.0,31.163519137746693,0,0,0,0,0,0
32.6,56.2,59.88321546810161,0,0,0,0,0,0
16.8,56.7,73.49563861824498,-40.2,44.300000000000004,132.2221466567785,-11.8,68.10000000000001,99.83029670312341
0.8,61.300000000000004,89.25229981047087,0,0,0,0,0,0
-15.5,62.7,103.885635306887,0,0,0,0,0,0
-12.3,35.6,109.06031872646602,0,0,0,0,0,0
10.700000000000001,50.2,77.96761413744538,0,0,0,0,0,0
-38.6,0.30000000000000004,179.55470497991485,0,0,0,0,0,0
-18.7,54.400000000000006,108.97040780848654,-31.900000000000002,23.1,144.09027692082233,65.60000000000001,13.5,11.628705117752279
-35.2,0.1,179.83722833700688,5.9,62.6,84.61582334408297,0,0,0
-38.6,22.400000000000002,149.87294018322137,9.4,52.900000000000006,79.92406836253191,-56.900000000000006,9.0,171.01186148777126
-45.2,53.2,130.35202930861297,-0.9,59.5,90.86659276241896,0,0,0
-19.3,66.2,106.25355748060083,0,0,0,0,0,0
43.7,45.800000000000004,46.34412361508892,0,0,0,0,0,0
36.800000000000004,30.900000000000002,40.01930335778145,48.5,16.8,19.105663600538975,-34.7,17.400000000000002,153.36893988955327
-42.2,28.0,146.43544329081325,-48.400000000000006,22.0,155.55604521958347,33.300000000000004,48.5,55.52658778939436
-44.5,43.6,135.58529407334174,-41.2,21.400000000000002,152.55184682143528,-15.5,62.7,103.885635306887
34.300000000000004,21.3,31.839919353381916,-19.700000000000003,57.400000000000006,108.94250628670227,-60.7,6.0,174.35483431474518
63.300000000000004,0.9,0.8145770497597191,20.5,59.7,71.0483697767109,0,0,0
-46.900000000000006,14.5,162.8200414812513,-22.3,56.400000000000006,111.57335033141395,-43.2,47.300000000000004,132.40605327227559
-58.400000000000006,37.0,147.64322113941645,38.900000000000006,7.2,10.486202614895234,26.3,61.400000000000006,66.81267266283601
3.6,38.2,84.61629832318825,-4.0,46.900000000000006,94.87483660663737,-19.8,30.8,122.7352262721076
-43.0,36.7,139.51962873160207,0,0,0,0,0,0
31.400000000000002,59.0,61.97794059866463,0,0,0,0,0,0
-13.100000000000001,58.7,102.58047205900208,-39.900000000000006,37.7,136.62392989749577,0,0,0
-13.200000000000001,36.0,110.13630342824813,46.2,13.5,16.288774030059447,64.3,24.3,20.70238181483914
-45.2,53.2,130.35202930861297,-52.0,2.3000000000000003,177.4674142883274,-9.3,51.6,100.21687962972673
43.7,41.400000000000006,43.45184230102203,-33.5,46.2,125.94617612244934,-68.4,1.0,179.1624020777121
16.900000000000002,61.400000000000006,74.61073634831345,0,0,0,0,0,0
-43.7,41.1,136.7561600609308,67.7,5.800000000000001,4.896692027314953,62.300000000000004,18.400000000000002,16.454247554693413
-40.2,44.300000000000004,132.2221466567785,-5.4,50.1,96.15184337928555,-43.1,35.0,140.92115835425653
-45.0,11.5,165.6645645804799,48.900000000000006,41.6,40.38833614783772,22.200000000000003,33.1,56.150445677827776
52.300000000000004,5.4,5.894927901144449,-48.800000000000004,18.1,159.6501001630354,0,0,0
-24.5,65.4,110.5368410039416,0,0,0,0,0,0
4.3,65.60000000000001,86.24969662320103,-11.100000000000001,40.0,105.50933452267486,22.5,40.2,60.76419543129998
-62.2,21.1,161.26160982794457,0,0,0,0,0,0
38.900000000000006,29.8,37.4545281665492,0,0,0,0,0,0
-28.5,47.6,120.91062290324341,-33.1,55.1,120.99433058440798,20.3,42.900000000000006,64.67679290008331
25.6,27.3,46.84062978606896,0,0,0,0,0,0
1.8,52.0,88.01747613891563,45.1,37.1,39.441274838081256,0,0,0
-27.5,23.6,139.36440677812087,45.0,29.5,33.247067749335855,0,0,0
-58.400000000000006,37.0,147.64322113941645,-18.0,63.7,105.77894255863067,38.5,35.300000000000004,42.517185379688364
-47.800000000000004,32.4,145.86962775448973,-63.5,11.0,170.17227598883687,28.8,61.7,64.97802305287658
-51.900000000000006,39.5,142.72599898774973,40.7,1.3,1.8294643348473465,0,0,0
39.7,42.1,46.680567650313705,-45.300000000000004,46.300000000000004,134.37452507122512,0,0,0
-18.2,67.3,105.13258419975702,-35.2,34.6,135.49250173376333,9.700000000000001,44.6,77.72989295931345
69.10000000000001,9.200000000000001,7.583780579923973,0,0,0,0,0,0
31.200000000000003,21.400000000000002,34.446126301730466,-37.300000000000004,50.1,126.66808817792952,0,0,0
57.0,9.4,9.364492286853677,-38.6,22.400000000000002,149.87294018322137,49.2,6.4,7.411492859178873
21.5,51.900000000000006,67.49781757751445,42.800000000000004,25.700000000000003,30.98343903886132,23.6,41.6,60.43342449522286
-17.1,57.800000000000004,106.48073286556232,0,0,0,0,0,0
50.900000000000006,19.200000000000003,20.666987855374803,-17.400000000000002,44.300000000000004,111.44373466629936,0,0,0
48.6,19.3,21.658984191430203,0,0,0,0,0,0
-35.2,44.6,128.28183168444764,15.3,43.5,70.621995944607,0,0,0
1.0,42.0,88.63607246839707,29.200000000000003,37.4,52.019109298515,0,0,0
-21.400000000000002,47.5,114.25281786121333,52.0,40.1,37.63775124627666,31.8,46.300000000000004,55.51774501870368
-57.1,0.6000000000000001,179.39796492955278,0,0,0,0,0,0
-25.3,38.5,123.3106308245608,-32.0,46.0,124.8244891569568,0,0,0
-49.1,32.1,146.82463248698576,3.7,44.400000000000006,85.23635830927383,0,0,0
-45.6,1.6,177.99044618697886,0,0,0,0,0,0
-8.4,43.6,100.90502204523445,-46.0,9.5,168.33122599963104,-44.400000000000006,47.900000000000006,132.8283944342906
-59.900000000000006,25.3,157.10223270503747,0,0,0,0,0,0
44.900000000000006,11.700000000000001,14.60528895514721,66.2,20.3,17.047976170300018,0,0,0
37.5,26.1,34.83791680599924,-47.300000000000004,38.400000000000006,140.92894994198963,0,0,0
63.800000000000004,20.0,17.405145054096383,-11.200000000000001,58.400000000000006,100.85641334806225,-45.300000000000004,46.300000000000004,134.37452507122512
48.7,8.0,9.328721365355776,-60.5,3.4000000000000004,176.7834552699475,0,0,0
-49.300000000000004,25.1,153.01809116973376,-23.200000000000003,56.7,112.2529582664297,0,0,0
-50.400000000000006,24.8,153.79988515865267,6.0,50.400000000000006,83.21102542556122,0,0,0
-11.600000000000001,38.5,106.7674859591248,0,0,0,0,0,0
39.5,47.0,49.95544894005224,0,0,0,0,0,0
25.5,40.1,57.547302149927226,-43.300000000000004,48.1,131.99379292297422,0,0,0
51.300000000000004,1.5,1.6748379905292095,-43.7,26.3,148.95918126891664,-53.2,2.5,177.30950845812026
-29.400000000000002,23.400000000000002,141.48307369289725,0,0,0,0,0,0
-19.1,30.0,122.48354850793388,13.4,35.0,69.05029852960517,0,0,0
-29.0,52.900000000000006,118.73173643579206,-42.400000000000006,53.5,128.39764682802897,44.7,38.0,40.36825707825531
-27.700000000000003,36.4,127.27073608755029,0,0,0,0,0,0
-25.6,64.60000000000001,111.61767164634884,-7.4,43.5,99.6544459349009,0,0,0
19.200000000000003,31.700000000000003,58.79762290603163,0,0,0,0,0,0
-35.300000000000004,47.2,126.7921294146559,-46.1,7.7,170.51752451123215,-32.5,53.6,121.23024660813192
-50.5,27.0,151.86865763593894,-43.0,36.7,139.51962873160207,0,0,0
-12.0,59.0,101.49656301758577,-35.1,22.3,147.57107681215308,0,0,0
-9.5,39.1,103.65634935169422,-12.200000000000001,45.0,105.16889487121334,0,0,0
-46.400000000000006,18.6,158.15602307756245,0,0,0,0,0,0
53.6,9.8,10.36127696218723,47.300000000000004,47.300000000000004,45.0,-21.8,45.2,115.74805443985348
42.2,17.400000000000002,22.40744476367267,0,0,0,0,0,0
-46.1,7.7,170.51752451123215,-35.300000000000004,26.900000000000002,142.69116175194114,0,0,0
-24.1,53.6,114.20996402299764,0,0,0,0,0,0
47.300000000000004,9.600000000000001,11.472902557312736,0,0,0,0,0,0
4.7,67.8,86.03451257437368,55.0,41.7,37.16874281503007,48.400000000000006,18.900000000000002,21.330439776467333
51.800000000000004,26.700000000000003,27.26857105475928,0,0,0,0,0,0
-45.800000000000004,27.6,148.9259887364479,0,0,0,0,0,0
-11.5,52.0,102.4704617216689,2.9000000000000004,44.900000000000006,86.30451472332798,0,0,0
-12.600000000000001,45.6,105.44631636769255,0,0,0,0,0,0
-42.7,43.6,134.40249904679138,-34.2,41.5,129.49181162655353,-39.7,55.300000000000004,125.6746551459664
69.0,2.7,2.240865499213534,0,0,0,0,0,0
2.6,36.2,85.89188782286413,-16.3,59.400000000000006,105.34485999015116,57.300000000000004,4.4,4.391058780970053
-49.400000000000006,3.0,176.52476722326992,0,0,0,0,0,0
-2.7,69.0,92.24086549921353,-20.1,60.5,108.37810779046521,0,0,0
14.3,62.5,77.11255311726055,0,0,0,0,0,0
54.5,4.9,5.137550257147551,63.800000000000004,12.9,11.43077304705919,0,0,0
12.0,52.6,77.14866215799425,47.300000000000004,1.8,2.1793374535954095,0,0,0
-44.300000000000004,3.2,175.8684289633463,0,0,0,0,0,0
-17.3,50.0,109.08562007918965,8.3,65.2,82.74523309838308,54.800000000000004,43.0,38.12026753459294
41.7,30.6,36.2717035864177,0,0,0,0,0,0
-57.800000000000004,37.6,146.95523174735087,0,0,0,0,0,0
7.2,67.10000000000001,83.87545163592931,0,0,0,0,0,0
7.7,59.0,82.56444046159231,9.0,53.800000000000004,80.50314146130899,8.6,50.7,80.37282466132991
-49.800000000000004,35.1,144.8230807917849,-17.2,34.1,116.76632357929773,-42.2,36.5,139.14252453323857
-33.300000000000004,58.6,119.60781031558757,-51.1,8.200000000000001,170.88348674757034,-48.6,10.0,168.37301901769396
-34.9,24.8,144.60233333732253,-28.400000000000002,33.9,129.95486491061683,0,0,0
-68.4,12.100000000000001,169.96812904010966,-37.2,50.400000000000006,126.43085812016236,0,0,0
19.400000000000002,30.400000000000002,57.455695312195324,31.400000000000002,38.800000000000004,51.01750303284571,-8.200000000000001,56.400000000000006,98.27227521251294
-6.7,51.900000000000006,97.35588218922791,32.6,56.2,59.88321546810161,0,0,0
66.5,16.3,13.772396543165575,0,0,0,0,0,0
31.900000000000002,51.5,58.225202236227695,-29.1,59.300000000000004,116.13834709952239,0,0,0
42.0,52.400000000000006,51.28689336173646,0,0,0,0,0,0
-8.6,36.9,103.1192958383742,0,0,0,0,0,0
51.5,32.0,31.855132382449263,-19.6,57.7,108.76200991742489,0,0,0
-35.2,34.6,135.49250173376333,0,0,0,0,0,0
-15.4,57.1,105.09367469746995,-15.4,47.900000000000006,107.82276077419475,0,0,0
51.800000000000004,19.0,20.142803233043065,53.800000000000004,23.900000000000002,23.95260698441865,-27.900000000000002,30.5,132.4508438216602
13.5,45.1,73.33572775322779,27.6,37.2,53.42696902148067,0,0,0
-18.0,39.800000000000004,114.3353990567437,67.9,2.4000000000000004,2.024339438744664,0,0,0
33.800000000000004,35.5,46.40524233987253,39.5,40.300000000000004,45.57437453818823,0,0,0
15.3,44.7,71.1048540090993,0,0,0,0,0,0
-35.2,34.6,135.49250173376333,-58.2,26.6,155.4374819547489,0,0,0
-56.6,21.700000000000003,159.02356463729322,0,0,0,0,0,0
67.8,17.2,14.234910423176581,0,0,0,0,0,0
-24.200000000000003,37.300000000000004,122.97524772816654,25.1,58.800000000000004,66.88378167371464,7.0,55.0,82.74680538727468
-4.2,39.2,96.1155035662854,0,0,0,0,0,0
1.8,50.7,87.96668433058561,4.7,68.5,86.07490848713796,-46.300000000000004,7.5,170.79875033972885
-33.800000000000004,44.300000000000004,127.34289584829682,0,0,0,0,0,0
-14.700000000000001,54.1,105.20133669803414,15.3,43.5,70.621995944607,-52.7,22.1,157.24902365721235
-23.200000000000003,42.400000000000006,118.68614757373945,-23.3,42.1,118.96207970713759,0,0,0
48.6,25.200000000000003,27.4075754378184,60.0,14.600000000000001,13.676180465476,0,0,0
-13.600000000000001,53.2,104.33992850134223,0,0,0,0,0,0
29.5,50.0,59.4593951503185,-36.4,51.0,125.51641776344619,56.6,21.8,21.064639706876083
-3.9000000000000004,35.6,96.25185419716796,0,0,0,0,0,0
-4.7,68.4,93.93081197456917,-29.6,20.200000000000003,145.6891046718554,-16.1,57.6,105.6164159407265
62.400000000000006,9.1,8.297144969836873,26.200000000000003,48.300000000000004,61.52268932778215,-40.400000000000006,9.9,166.23102353587515
-49.0,44.400000000000006,137.8195695557212,37.7,20.700000000000003,28.76993906347644,0,0,0
41.900000000000006,28.400000000000002,34.12958817200298,26.6,35.2,52.922321653000665,0,0,0
26.900000000000002,60.800000000000004,66.13376224438507,-25.0,26.700000000000003,133.11667808348585,-31.6,61.2,117.3091103799667
-53.5,42.6,141.4710336730969,2.7,36.9,85.8150838748816,-10.8,51.400000000000006,101.86618470110088
-45.0,37.2,140.42059528376237,0,0,0,0,0,0
58.6,26.6,24.41448164540656,-29.8,23.5,141.74101987832185,0,0,0
15.100000000000001,48.300000000000004,72.63922117545061,-39.2,34.6,138.5666674644238,0,0,0
-14.600000000000001,41.5,109.38224059281546,39.0,37.4,43.800263761878625,63.900000000000006,8.200000000000001,7.312545184794605
21.0,36.1,59.81268904501831,0,0,0,0,0,0
-43.800000000000004,51.6,130.32583628886923,0,0,0,0,0,0
-34.1,57.6,120.62612197532825,-34.5,39.0,131.49646835521554,0,0,0
-40.400000000000006,37.0,137.51525185703878,0,0,0,0,0,0
44.7,52.2,49.4258340364498,0,0,0,0,0,0
-39.300000000000004,56.6,124.77403706952408,39.5,40.300000000000004,45.57437453818823,-15.3,63.400000000000006,103.56748964653464
-34.2,11.9,160.8144943807137,-56.2,14.200000000000001,165.8199180572291,0,0,0
-48.5,43.300000000000004,138.24204800269837,0,0,0,0,0,0
-23.5,59.0,111.71764378651028,0,0,0,0,0,0
-4.0,57.0,94.01417569541101,0,0,0,0,0,0
17.5,58.7,73.39930978525003,-19.200000000000003,52.0,110.2656974709475,0,0,0
21.0,36.1,59.81268904501831,0,0,0,0,0,0
53.800000000000004,23.900000000000002,23.95260698441865,36.1,24.400000000000002,34.05477157241999,0,0,0
-24.900000000000002,52.800000000000004,115.24813877128474,22.400000000000002,57.6,68.74949449286676,-27.8,38.1,126.11668863545984
-33.1,55.1,120.99433058440798,55.800000000000004,37.0,33.54765908804816,-4.9,42.800000000000004,96.5311280126151
58.7,22.8,21.226950262812778,9.700000000000001,44.6,77.72989295931345,3.9000000000000004,64.60000000000001,86.54516010789678
-18.0,39.800000000000004,114.3353990567437,7.4,45.2,80.7022021912167,59.1,1.2000000000000002,1.1632062452411365
-33.5,46.2,125.94617612244934,40.1,22.400000000000002,29.187878033938812,64.0,28.3,23.854415229612208
-52.2,23.3,155.9459192711824,0,0,0,0,0,0
43.7,45.900000000000006,46.40653340430344,0,0,0,0,0,0
60.900000000000006,22.900000000000002,20.607579456013035,-11.8,68.10000000000001,99.83029670312341,0,0,0
53.5,17.0,17.628019367819636,-8.9,59.7,98.47913511891423,0,0,0
58.2,7.300000000000001,7.149248015679994,0,0,0,0,0,0
-43.5,5.7,172.53480914387856,-31.700000000000003,35.4,131.84381650673913,-40.900000000000006,22.6,151.07639828636837
-17.900000000000002,35.7,116.62921215755222,-38.300000000000004,33.6,138.74002198472124,-57.0,4.9,175.086652737452
-22.8,55.1,112.4794343971031,8.200000000000001,65.2,82.83172523763928,0,0,0
19.5,40.5,64.29004621918874,0,0,0,0,0,0
58.6,12.100000000000001,11.66673540367119,0,0,0,0,0,0
33.1,43.7,52.85836227795326,0,0,0,0,0,0
-17.2,51.1,108.60297115508844,0,0,0,0,0,0
4.7,68.10000000000001,86.05192631546355,34.6,11.700000000000001,18.682980951078516,-55.0,11.5,168.19011704297174
62.5,21.5,18.98321705922621,0,0,0,0,0,0
-67.5,10.200000000000001,171.4069834589695,-42.7,18.400000000000002,156.68814489043424,0,0,0
37.1,22.700000000000003,31.460789469792836,-49.0,36.0,143.69550287742476,0,0,0
-17.400000000000002,37.5,114.89130012486581,-17.1,57.800000000000004,106.48073286556232,0,0,0
1.2000000000000002,60.6,88.865578369023,24.3,62.400000000000006,68.72291329342234,21.5,54.300000000000004,68.39898828936619
-4.0,61.5,93.72131326474975,59.5,34.2,29.88985494620047,0,0,0
39.5,27.700000000000003,35.040666628975956,0,0,0,0,0,0
-27.3,41.2,123.52930537907746,-31.6,61.2,117.3091103799667,25.0,45.5,61.213381689985965
-22.3,27.400000000000002,129.14106122033695,0,0,0,0,0,0
-30.900000000000002,40.0,127.68608622501462,0,0,0,0,0,0
15.100000000000001,32.1,64.80747287051639,69.4,2.7,2.227962901191452,0,0,0
58.2,26.3,24.31773647328835,58.400000000000006,26.1,24.08071819306856,0,0,0
-38.300000000000004,14.600000000000001,159.13310123116042,0,0,0,0,0,0
-0.7000000000000001,55.1,90.72785640947237,-7.9,40.6,101.01109517691016,0,0,0
64.10000000000001,21.8,18.78284045306798,0,0,0,0,0,0
-40.2,44.2,132.28659055496666,47.5,31.1,33.21424639278979,0,0,0
-53.900000000000006,41.900000000000006,142.13973777188542,24.1,36.0,56.19988949886701,0,0,0
65.8,17.900000000000002,15.218272547678575,0,0,0,0,0,0
-18.0,57.400000000000006,107.41084312171486,0,0,0,0,0,0
57.1,28.0,26.121843720120328,49.2,21.3,23.409081041750554,0,0,0
-6.5,37.2,99.91130040636773,56.300000000000004,26.1,24.871869423777326,-23.700000000000003,34.1,124.79986699280292
48.300000000000004,29.900000000000002,31.7594800848128,-33.300000000000004,37.7,131.45381071842235,64.5,14.600000000000001,12.754343481829794
-49.800000000000004,32.1,147.19504966189868,0,0,0,0,0,0
-37.2,3.3000000000000003,174.9305798673875,-54.7,12.200000000000001,167.42683713848362,0,0,0
-1.5,57.800000000000004,91.48658102398892,31.400000000000002,59.0,61.97794059866463,0,0,0
36.2,39.300000000000004,47.351221232885294,-27.700000000000003,28.3,134.38614013689065,0,0,0
-49.300000000000004,35.300000000000004,144.39641451526288,0,0,0,0,0,0
3.0,53.400000000000006,86.7845160082518,3.5,61.800000000000004,86.7585560178607,0,0,0
-26.8,45.1,120.7202649826627,31.400000000000002,32.4,45.897979438601816,-43.1,35.0,140.92115835425653
32.4,41.0,51.682660945994165,44.2,32.5,36.32682595212024,51.7,13.8,14.945211755820475
-40.5,27.8,145.53352674860582,0,0,0,0,0,0
-39.7,55.300000000000004,125.6746551459664,0,0,0,0,0,0
37.7,2.1,3.188247304982627,-68.9,9.8,171.90482699297777,0,0,0
-26.8,49.2,118.57781250168472,0,0,0,0,0,0
26.6,36.0,53.53971667682002,67.2,16.400000000000002,13.714811891878451,0,0,0
-4.9,59.5,94.70785224437222,36.1,24.400000000000002,34.05477157241999,0,0,0
-8.1,46.6,99.86061804801496,0,0,0,0,0,0
-52.400000000000006,12.200000000000001,166.89363343153704,29.200000000000003,34.6,49.83795524115997,-52.900000000000006,11.0,168.25333864490514
-19.900000000000002,55.6,109.69298280318971,-36.2,58.0,121.96985094627394,-1.6,36.7,92.49632787520314
52.7,44.0,39.85899869661639,0,0,0,0,0,0
-43.800000000000004,51.6,130.32583628886923,40.1,34.4,40.624819907288725,-9.200000000000001,53.7,99.7216555887398
-3.6,41.800000000000004,94.92241818713599,44.5,13.100000000000001,16.403480912716645,0,0,0
-14.9,31.8,115.1056018220857,0,0,0,0,0,0
-38.400000000000006,27.0,144.8879888155778,0,0,0,0,0,0
11.3,45.900000000000006,76.16953833405951,44.900000000000006,17.900000000000002,21.735375194214406,0,0,0
-67.5,10.200000000000001,171.4069834589695,9.4,52.900000000000006,79.92406836253191,0,0,0
-44.1,11.600000000000001,165.26283249551665,0,0,0,0,0,0
-58.2,26.6,155.4374819547489,28.400000000000002,21.200000000000003,36.740562020121196,-43.300000000000004,0.0,-0.0
-17.900000000000002,30.900000000000002,120.08319909182934,-34.800000000000004,15.3,156.267060195928,65.9,16.3,13.892953142655271
-15.600000000000001,33.4,115.03567282174517,2.4000000000000004,44.0,86.8778695378843,0,0,0
-19.700000000000003,61.6,107.73454631068665,-25.700000000000003,50.300000000000004,117.06405168349994,40.1,56.300000000000004,54.53941032769001
-17.0,60.300000000000004,105.74440298012142,-0.4,56.6,90.40491042878575,10.700000000000001,37.300000000000004,73.99375904636032
-48.900000000000006,36.5,143.26155753372194,28.6,26.3,42.60103321519197,29.3,61.2,64.41685022590431
-28.5,20.700000000000003,144.00850374202514,0,0,0,0,0,0
-25.0,29.5,130.27986306895644,69.4,2.7,2.227962901191452,0,0,0
8.0,60.300000000000004,82.44270314182596,0,0,0,0,0,0
-51.300000000000004,37.6,143.76069081761017,-2.2,48.6,92.59186670523499,0,0,0
-21.1,46.900000000000006,114.22266545454757,-26.0,50.0,117.47443162627712,0,0,0
-22.0,62.300000000000004,109.4496554778235,49.0,3.4000000000000004,3.9692634567195,0,0,0
-10.8,39.5,105.2919332918101,-60.1,22.200000000000003,159.7265586353083,21.8,40.5,61.707681250500606
23.700000000000003,33.7,54.88265616462868,42.800000000000004,25.700000000000003,30.98343903886132,0,0,0
33.800000000000004,46.2,53.81073298598491,0,0,0,0,0,0
-30.200000000000003,49.900000000000006,121.18276314957193,-53.800000000000004,13.8,165.61348102116588,-48.6,10.0,168.37301901769396
-26.400000000000002,39.800000000000004,123.55697652374579,0,0,0,0,0,0
56.300000000000004,0.8,0.8140948310577512,-63.2,16.400000000000002,165.45296073791107,48.0,1.3,1.5513814529560592
-30.400000000000002,35.0,130.97664768096666,-52.0,2.3000000000000003,177.4674142883274,0,0,0
-63.0,16.0,165.7499673021964,31.0,16.8,28.454835477789842,-26.5,39.0,124.19560540246076
28.1,23.3,39.66489425934427,-36.6,31.700000000000003,139.10350121790609,0,0,0
-17.6,36.4,115.80453239994712,-5.9,60.300000000000004,95.58826697524773,0,0,0
-2.8000000000000003,57.6,92.7830207538566,25.6,27.3,46.84062978606896,-53.5,41.400000000000006,142.2661569697712
-38.2,22.3,149.72491490238124,0,0,0,0,0,0
-59.7,32.300000000000004,151.58490437477607,-49.300000000000004,47.1,136.30735309478007,0,0,0
1.4000000000000001,64.3,88.7526995417106,0,0,0,0,0,0
-55.5,0.5,179.48383577023517,0,0,0,0,0,0
-64.4,5.0,175.56047600110531,0,0,0,0,0,0
51.300000000000004,23.3,24.427122883276454,-6.7,51.900000000000006,97.35588218922791,-47.300000000000004,26.6,150.64799789058765
-32.0,46.0,124.8244891569568,66.4,5.7,4.90643461506231,-62.1,27.400000000000002,156.1917850028124
51.900000000000006,42.5,39.313445367283784,0,0,0,0,0,0
-52.0,22.1,156.97450799147197,-33.0,33.300000000000004,134.74074484849862,0,0,0
27.700000000000003,39.0,54.61548188565531,40.7,23.200000000000003,29.684202707487415,-40.2,44.300000000000004,132.2221466567785
-55.6,22.8,157.7028421232128,0,0,0,0,0,0
60.300000000000004,2.6,2.4689355139242792,27.900000000000002,48.800000000000004,60.24247620998999,51.7,23.1,24.075498255078834
33.4,25.1,36.924752372514384,0,0,0,0,0,0
-21.1,37.0,119.69482675564613,13.700000000000001,52.6,75.40129929954665,-14.0,67.8,101.66701202916855
-45.6,40.400000000000006,138.46018322898644,38.900000000000006,7.2,10.486202614895234,0,0,0
34.2,20.400000000000002,30.815705751729187,44.0,46.900000000000006,46.82729837677422,63.1,14.9,13.286061017988915
61.900000000000006,1.4000000000000001,1.2956448803643867,46.7,22.6,25.82419876768865,0,0,0
-59.300000000000004,31.400000000000002,152.0982898445929,-26.900000000000002,40.300000000000004,123.72286419069378,0,0,0
-4.6000000000000005,51.400000000000006,95.11401383139514,0,0,0,0,0,0
56.300000000000004,24.3,23.345817032044472,0,0,0,0,0,0
31.3,45.800000000000004,55.65106005388803,-15.9,46.800000000000004,108.76486329289628,0,0,0
-40.2,44.2,132.28659055496666,-27.1,28.1,133.96214650669864,-28.200000000000003,31.6,131.7458838583062
-21.3,43.7,115.98526087164441,-7.1000000000000005,34.800000000000004,101.53139490319698,2.2,59.0,87.86453655762335
8.200000000000001,50.800000000000004,80.8305610147783,56.0,5.7,5.811876007984291,0,0,0
47.7,17.400000000000002,20.04095181220426,0,0,0,0,0,0
-36.6,59.1,121.76949157859751,12.600000000000001,54.300000000000004,76.93604587261369,5.0,51.1,84.41154884310457
-38.6,12.3,162.3253720802859,-39.1,34.1,138.9075764766944,0,0,0
-23.5,34.2,124.4943003791699,60.900000000000006,4.7,4.413094048694329,17.0,46.1,69.75786372358822
53.7,39.0,35.989290453182356,47.2,31.8,33.96928451402607,0,0,0
50.400000000000006,44.1,41.18592516570965,48.400000000000006,9.0,10.533861809684488,0,0,0
0.7000000000000001,57.7,89.30493798611923,-32.7,50.7,122.82081894747586,0,0,0
12.600000000000001,38.400000000000006,71.83404347077447,55.7,22.900000000000002,22.349086041534438,41.400000000000006,43.400000000000006,46.351065082719636
31.700000000000003,53.1,59.16335536035669,-26.6,31.3,130.3592225516404,0,0,0
-59.400000000000006,33.0,150.94539590092285,-17.6,36.4,115.80453239994712,0,0,0
-40.2,2.1,177.00965502483461,0,0,0,0,0,0
-37.1,41.1,132.07182158650267,-37.2,50.400000000000006,126.43085812016236,65.2,23.700000000000003,19.976050391453743
-43.900000000000006,50.7,130.88855880192122,0,0,0,0,0,0
39.900000000000006,41.1,45.848764271553584,0,0,0,0,0,0
37.7,52.2,54.16234704572171,-20.700000000000003,34.800000000000004,120.74534928177333,0,0,0
-15.5,58.0,104.96215525432655,0,0,0,0,0,0
-43.2,47.300000000000004,132.40605327227559,0,0,0,0,0,0
-49.300000000000004,21.200000000000003,156.73131436654694,-44.7,37.4,140.08114653873463,0,0,0
55.7,15.100000000000001,15.168043117340646,-25.900000000000002,55.5,115.01689347810002,0,0,0
30.900000000000002,37.6,50.58634341283914,28.0,26.3,43.20679520561871,0,0,0
11.100000000000001,61.300000000000004,79.73628473702774,-35.0,3.2,174.77605240373157,0,0,0
29.8,19.1,32.657418437387534,0,0,0,0,0,0
57.300000000000004,15.600000000000001,15.229732891908515,49.400000000000006,3.6,4.168032976747494,0,0,0
39.7,42.800000000000004,47.151919909968555,32.7,12.5,20.920005489769675,23.5,43.1,61.39885520625204
62.7,29.400000000000002,25.12185814910437,0,0,0,0,0,0
56.5,9.700000000000001,9.741651297474434,0,0,0,0,0,0
-34.300000000000004,36.7,133.0639784170726,35.9,37.6,46.32497226937688,-22.3,56.400000000000006,111.57335033141395
61.0,1.6,1.5024956157010674,0,0,0,0,0,0
-20.900000000000002,53.800000000000004,111.22994543642227,-31.200000000000003,35.2,131.5526131481348,-6.7,60.900000000000006,96.27822805754388
42.900000000000006,11.700000000000001,15.255118703057775,0,0,0,0,0,0
40.7,41.2,45.349786738116194,-53.300000000000004,42.2,141.6297613340491,0,0,0
-23.5,49.7,115.30651802856154,33.6,38.1,48.59125903720553,0,0,0
-59.1,11.200000000000001,169.2691704545908,0,0,0,0,0,0
-60.0,35.0,149.74356283647072,0,0,0,0,0,0
-20.8,58.7,109.51148227606154,5.9,62.6,84.61582334408297,0,0,0
54.400000000000006,32.0,30.46554491945988,-61.0,34.2,150.72258010383803,0,0,0
-4.6000000000000005,44.300000000000004,95.92820340744832,-34.300000000000004,36.7,133.0639784170726,0,0,0
-18.0,48.2,110.47784356726152,1.6,49.1,88.13358820566764,0,0,0
-25.3,31.700000000000003,128.59362139922615,0,0,0,0,0,0
-55.300000000000004,36.6,146.5016365834552,-9.4,34.1,105.41139244761031,-46.800000000000004,27.700000000000003,149.37954425104562
-44.900000000000006,36.7,140.73839987130924,0,0,0,0,0,0
-55.7,11.3,168.53190152467405,-52.900000000000006,34.0,147.27024819562973,0,0,0
2.5,50.800000000000004,87.18259881334235,47.800000000000004,35.1,36.29019621834012,-9.1,69.4,97.47022863505917
64.7,26.3,22.12132410105644,-52.400000000000006,12.200000000000001,166.89363343153704,0,0,0
45.1,37.1,39.441274838081256,-1.6,56.6,91.61923745387419,0,0,0
0.7000000000000001,64.10000000000001,89.37432993075276,-29.900000000000002,51.6,120.0904631307022,-64.2,7.6000000000000005,173.24874206841767
52.7,12.700000000000001,13.54917698587228,-33.9,35.0,134.08534102306112,0,0,0
-51.900000000000006,39.5,142.72599898774973,52.6,42.2,38.73942253288245,9.0,50.1,79.81596680397591
-7.4,39.1,100.71694656496175,-24.1,32.300000000000004,126.72772478748706,0,0,0
41.800000000000004,45.400000000000006,47.364079585919484,-55.0,11.3,168.38988281447934,16.1,52.400000000000006,72.920324589057
33.7,32.1,43.60706404786168,-58.7,26.0,156.11000287921317,1.5,69.5,88.76359239714385
49.900000000000006,3.5,4.012171154967765,0,0,0,0,0,0
-0.4,56.6,90.40491042878575,0.8,68.8,89.33380002981687,35.6,27.1,37.2796950710367
-11.5,48.2,103.41927898930331,37.7,11.9,17.518294566536724,0,0,0
61.900000000000006,3.0,2.7746841173153736,0,0,0,0,0,0
2.5,64.3,87.77344732391639,-56.6,11.200000000000001,168.8069180359942,16.3,37.4,66.45103734568285
-30.200000000000003,44.2,124.3431517530787,-28.200000000000003,24.700000000000003,138.78531911298424,0,0,0
-42.400000000000006,1.8,177.56909166295958,-46.1,27.1,149.55075235312034,0,0,0
-59.6,22.900000000000002,158.98181736005205,0,0,0,0,0,0
0.4,47.900000000000006,89.52154949700142,-30.200000000000003,36.6,129.5272883287495,0,0,0
-33.2,21.400000000000002,147.19504966189868,0,0,0,0,0,0
29.1,32.300000000000004,47.983400032228104,-4.0,57.0,94.01417569541101,0,0,0
52.400000000000006,4.1000000000000005,4.4739514835752985,0,0,0,0,0,0
-66.2,20.400000000000002,162.87294677874178,60.0,14.600000000000001,13.676180465476,-29.6,32.6,132.23867784056867
2.5,64.3,87.77344732391639,-35.300000000000004,47.2,126.7921294146559,-56.400000000000006,16.900000000000002,163.31939763276782
-68.4,12.100000000000001,169.96812904010966,40.7,4.3,6.030989245652178,0,0,0
27.5,32.1,49.41340788983143,0,0,0,0,0,0
47.5,24.200000000000003,26.997645318918497,0,0,0,0,0,0
51.400000000000006,3.4000000000000004,3.784479909487907,0,0,0,0,0,0
24.5,58.1,67.13549187810035,-6.2,45.5,97.75954658145697,34.2,53.6,57.45969341274275
67.9,2.4000000000000004,2.024339438744664,-38.6,0.30000000000000004,179.55470497991485,-10.700000000000001,51.5,101.73718614666232
-35.800000000000004,15.4,156.72419150141383,-39.900000000000006,37.7,136.62392989749577,0,0,0
53.2,21.6,22.09789211568872,0,0,0,0,0,0
-49.300000000000004,21.200000000000003,156.73131436654694,0,0,0,0,0,0
-24.900000000000002,52.800000000000004,115.24813877128474,0,0,0,0,0,0
28.5,39.7,54.32603374120661,-45.1,50.800000000000004,131.59851747081382,0,0,0
-22.700000000000003,46.900000000000006,115.82737803964578,0,0,0,0,0,0
-41.900000000000006,55.400000000000006,127.10086124168745,25.6,27.3,46.84062978606896,-48.1,42.6,138.4701365116548
42.1,34.7,39.49630328413477,-42.1,40.2,136.3225108990067,23.700000000000003,33.7,54.88265616462868
31.400000000000002,38.800000000000004,51.01750303284571,0,0,0,0,0,0
-51.1,5.5,173.85678480341554,30.8,39.400000000000006,51.98433951598088,0,0,0
53.800000000000004,18.3,18.785669859568433,0,0,0,0,0,0
-55.1,31.8,150.00935940905572,-47.5,1.0,178.79395122078003,-59.2,4.4,175.7493454253488
-29.5,20.6,145.07320720895584,0,0,0,0,0,0
-34.6,23.200000000000003,146.15734753643596,0,0,0,0,0,0
53.5,14.600000000000001,15.26418018954131,0,0,0,0,0,0
-53.2,2.5,177.30950845812026,9.1,37.4,76.32478376093208,-34.1,32.5,136.37621046256663
34.0,32.2,43.44249246763357,-31.400000000000002,47.900000000000006,123.24613816630793,43.800000000000004,0.0,0.0
66.5,16.3,13.772396543165575,-16.400000000000002,62.800000000000004,104.63572899983966,0,0,0
28.0,61.6,65.55604521958347,-64.9,11.100000000000001,170.2944761934831,48.0,2.1,2.505092867241399
60.1,18.5,17.10942787928878,0,0,0,0,0,0
-52.400000000000006,12.200000000000001,166.89363343153704,0,0,0,0,0,0
31.8,55.7,60.277279127214065,0,0,0,0,0,0
5.9,64.10000000000001,84.74110329442115,0,0,0,0,0,0
42.0,52.400000000000006,51.28689336173646,0,0,0,0,0,0
0.7000000000000001,64.10000000000001,89.37432993075276,-19.0,60.7,107.38089378619236,26.900000000000002,58.5,65.30565394683896
-30.700000000000003,30.400000000000002,135.28131907901155,16.2,39.0,67.44275336529435,0,0,0
-26.700000000000003,32.7,129.23211110208587,42.2,17.400000000000002,22.40744476367267,23.6,41.6,60.43342449522286
-7.800000000000001,69.4,96.41267213673848,0,0,0,0,0,0
43.900000000000006,47.0,46.95322448649158,8.700000000000001,37.1,76.80252724389051,0,0,0
53.0,1.6,1.729158744159304,0,0,0,0,0,0
-29.6,32.6,132.23867784056867,35.1,50.1,54.984960204643336,-27.200000000000003,48.2,119.43670437010371
13.5,45.1,73.33572775322779,0,0,0,0,0,0
19.700000000000003,67.0,73.61508962793599,9.4,52.900000000000006,79.92406836253191,0,0,0
-32.2,47.6,124.07719528013074,0,0,0,0,0,0
36.2,47.0,52.39607655971266,0,0,0,0,0,0
54.5,17.6,17.89712461327498,0,0,0,0,0,0
-21.200000000000003,66.3,107.73212807985465,0,0,0,0,0,0
30.3,25.200000000000003,39.74972727026695,0,0,0,0,0,0
23.8,27.6,49.22818270516165,0,0,0,0,0,0
-56.400000000000006,24.0,156.94869908352698,-33.5,51.7,122.94198864795673,0,0,0
26.400000000000002,54.300000000000004,64.0715423988855,-68.9,9.8,171.90482699297777,0,0,0
-19.700000000000003,57.400000000000006,108.94250628670227,0,0,0,0,0,0
2.9000000000000004,44.900000000000006,86.30451472332798,57.0,35.7,32.0595635980929,56.0,6.800000000000001,6.923448914810532
11.700000000000001,37.9,72.84417023103218,0,0,0,0,0,0
39.1,13.9,19.570234878320562,0,0,0,0,0,0
-48.1,11.8,166.21628281838542,-17.0,54.400000000000006,107.35402463626133,0,0,0
42.0,52.400000000000006,51.28689336173646,-30.700000000000003,43.1,125.46215615796997,0,0,0
-45.2,44.5,135.44711517867682,-36.9,3.3000000000000003,174.88958243896877,59.7,35.300000000000004,30.59539111612525
-5.9,59.2,95.69142746518784,0,0,0,0,0,0
36.2,4.0,6.305445977268625,0,0,0,0,0,0
-55.0,16.5,163.30075576600638,2.6,63.7,87.66269414087618,0,0,0
-47.800000000000004,14.5,163.12496869106812,-53.400000000000006,2.8000000000000003,176.99847567230086,12.600000000000001,49.900000000000006,75.82875258891119
-19.5,49.400000000000006,111.54097591853844,-57.1,0.6000000000000001,179.39796492955278,-65.5,1.0,179.12532322887867
-57.6,11.600000000000001,168.61357120359082,-27.700000000000003,28.3,134.38614013689065,39.1,14.8,20.732487431886657
35.2,42.5,50.367246280098385,0,0,0,0,0,0
31.0,16.8,28.454835477789842,-52.2,18.2,160.77843086218923,0,0,0
-65.5,10.4,170.9779688684897,0,0,0,0,0,0
-54.5,10.200000000000001,169.3993883015326,-24.5,65.4,110.5368410039416,0,0,0
66.2,10.4,8.92817683365633,-33.300000000000004,60.5,118.82896787784317,18.7,47.2,68.38720066470056
67.7,5.800000000000001,4.896692027314953,0,0,0,0,0,0
-37.7,54.400000000000006,124.72252848352892,37.0,49.7,53.33354035482174,-40.2,12.8,162.33811073310727
-58.2,26.6,155.4374819547489,-40.0,44.7,131.8239164164224,-33.6,56.400000000000006,120.78414652632645
-40.2,4.4,173.75368437900988,67.5,0.4,0.33952657096055017,0,0,0
-41.900000000000006,55.400000000000006,127.10086124168745,-22.700000000000003,57.6,111.50926197273272,13.5,32.7,67.56700907787462
-10.8,39.5,105.2919332918101,0,0,0,0,0,0
-15.600000000000001,40.7,110.97144772796572,52.2,8.9,9.675779573186592,-63.7,4.7,175.78017137740463
-46.7,36.800000000000004,141.76158730668848,-20.900000000000002,54.800000000000004,110.87619391847231,11.0,51.1,77.85165255157767
-23.5,35.6,123.42929529760251,56.900000000000006,31.3,28.81465907248977,0,0,0
-42.400000000000006,53.5,128.39764682802897,-12.100000000000001,40.6,106.595611917408,19.200000000000003,31.700000000000003,58.79762290603163
27.5,45.2,58.683372788239524,31.900000000000002,51.5,58.225202236227695,45.7,20.400000000000002,24.05548265151399
-63.300000000000004,26.200000000000003,157.51523601084554,0,0,0,0,0,0
27.5,61.6,65.94265054998827,-37.5,15.5,157.54306100005786,0,0,0
51.7,13.8,14.945211755820475,0,0,0,0,0,0
57.300000000000004,0.8,0.7998891047515946,0,0,0,0,0,0
-31.6,56.300000000000004,119.30457657741172,0,0,0,0,0,0
48.800000000000004,37.300000000000004,37.3922803791792,44.400000000000006,24.6,28.988822521191544,51.800000000000004,22.200000000000003,23.198590513648185
-7.4,39.1,100.71694656496175,0,0,0,0,0,0
52.400000000000006,18.8,19.736901495500884,33.800000000000004,60.5,60.80888203847286,0,0,0
9.1,35.4,75.5835645043615,0,0,0,0,0,0
-15.4,42.800000000000004,109.78939500767896,56.1,26.400000000000002,25.20112364547507,23.8,27.6,49.22818270516165
-40.0,16.900000000000002,157.0959421963631,11.8,52.900000000000006,77.42532815854887,0,0,0
-50.6,4.6000000000000005,174.8055710922652,34.1,20.3,30.765673381713388,-30.200000000000003,36.6,129.5272883287495
-26.1,57.5,114.41391767726365,0,0,0,0,0,0
-5.4,47.800000000000004,96.4454180362597,45.2,42.5,43.236604826608385,-18.0,57.400000000000006,107.41084312171486
11.3,57.1,78.80589441572918,7.800000000000001,37.1,78.1269093501569,0,0,0
-40.300000000000004,49.300000000000004,129.26408276270715,0,0,0,0,0,0
-41.7,16.900000000000002,157.93847939319838,0,0,0,0,0,0
-63.0,11.100000000000001,170.00758547378373,58.6,12.100000000000001,11.66673540367119,14.0,63.2,77.50959428209082
8.6,53.800000000000004,80.91803042717125,67.3,7.9,6.695017656562316,0,0,0
53.400000000000006,30.900000000000002,30.0558927269397,-51.6,39.0,142.91750303482834,0,0,0
-53.5,41.400000000000006,142.2661569697712,0,0,0,0,0,0
0.7000000000000001,57.7,89.30493798611923,0,0,0,0,0,0
-51.1,31.900000000000002,148.02486266954676,-64.0,22.900000000000002,160.3121556909147,-21.3,43.7,115.98526087164441
-51.1,9.0,170.01121047790573,-29.8,23.5,141.74101987832185,0,0,0
-66.5,16.3,166.22760345683443,-43.0,36.0,140.06361685303008,-0.8,55.1,90.83182219936974
56.0,28.3,26.810077963499932,-3.1,49.800000000000004,93.56200863970066,0,0,0
27.700000000000003,39.0,54.61548188565531,0,0,0,0,0,0
-38.300000000000004,33.6,138.74002198472124,0,0,0,0,0,0
45.1,33.5,36.60473573199998,-22.200000000000003,50.300000000000004,113.81435617200626,56.0,13.3,13.360218444764483
-35.7,53.6,123.6653923425298,-45.800000000000004,45.800000000000004,135.0,24.5,31.6,52.21298961966594
-24.0,25.8,132.9299693469589,28.0,26.3,43.20679520561871,-26.200000000000003,53.6,116.04966076495303
36.2,35.5,44.44064474930878,-53.2,5.4,174.2041136177081,-1.3,63.1,91.18025321232378
-40.0,3.6,174.85723544211575,12.700000000000001,43.0,73.54555572700353,-56.7,14.4,165.7499673021964
-54.800000000000004,42.7,142.07438254607598,0,0,0,0,0,0
26.200000000000003,25.0,43.657375973462244,0,0,0,0,0,0
-6.7,64.8,95.90312443502253,29.400000000000002,27.0,42.56335175318987,0,0,0
36.5,36.300000000000004,44.84259440832677,0,0,0,0,0,0
-7.1000000000000005,34.800000000000004,101.53139490319698,-18.1,67.10000000000001,105.09604450940179,0,0,0
58.2,13.4,12.965853852810074,-45.6,40.400000000000006,138.46018322898644,0,0,0
33.9,59.0,60.119346967824164,50.800000000000004,28.400000000000002,29.207596471142715,0,0,0
54.300000000000004,43.7,38.826701157317125,0,0,0,0,0,0
30.200000000000003,54.400000000000006,60.9632840612886,0,0,0,0,0,0
-35.1,57.2,121.53479190518829,4.5,46.300000000000004,84.44873161412067,56.2,1.7000000000000002,1.7326180307504189
-12.200000000000001,67.4,100.25995555642142,-47.0,38.1,140.9704512698138,-45.5,41.6,137.563770211465
-41.2,50.6,129.1534887274111,0,0,0,0,0,0
47.1,15.200000000000001,17.885804812356334,0,0,0,0,0,0
40.800000000000004,2.4000000000000004,3.366460663429801,60.7,28.400000000000002,25.07370889034804,0,0,0
45.2,50.7,48.28239795884251,0,0,0,0,0,0
49.5,36.0,36.02737338510361,37.4,4.7,7.162723338859866,-60.900000000000006,27.0,156.08990769989913
-41.1,34.7,139.82619164351124,45.6,44.900000000000006,44.55683706235723,-55.300000000000004,36.2,146.79079218269064
37.2,27.700000000000003,36.67224157952249,-51.300000000000004,37.6,143.76069081761017,-39.0,55.300000000000004,125.1931788884915
47.300000000000004,13.200000000000001,15.592810939266347,2.2,59.0,87.86453655762335,0,0,0
19.8,47.2,67.24236368054666,29.3,22.400000000000002,37.39809756904868,-42.1,19.0,155.71003816408685
-64.0,2.2,178.03123279347622,-48.5,11.4,166.77265001436203,19.400000000000002,58.800000000000004,71.74062502847802
-53.800000000000004,13.8,165.61348102116588,0,0,0,0,0,0
-17.3,54.900000000000006,107.49059841934238,28.0,21.200000000000003,37.13092444820949,31.900000000000002,51.5,58.225202236227695
-53.6,2.6,177.2229038930745,0,0,0,0,0,0
-32.4,49.7,123.10079089925875,-4.800000000000001,64.0,94.28915332881901,43.6,30.700000000000003,35.150465643672966
-56.1,35.300000000000004,147.82052172387642,65.60000000000001,13.5,11.628705117752279,38.7,4.0,5.901089912204367
-1.6,36.7,92.49632787520314,0,0,0,0,0,0
1.0,42.0,88.63607246839707,-19.900000000000002,55.6,109.69298280318971,0,0,0
30.900000000000002,37.6,50.58634341283914,14.4,39.0,69.7343025290525,55.7,22.900000000000002,22.349086041534438
-37.9,5.0,172.48459015671807,37.6,28.400000000000002,37.06444962991118,43.7,22.400000000000002,27.139033409188936
-33.0,28.900000000000002,138.7895001930724,-31.3,15.9,153.07001248719135,0,0,0
-55.5,33.6,148.80906075878127,47.300000000000004,13.200000000000001,15.592810939266347,28.1,23.3,39.66489425934427
-58.900000000000006,35.800000000000004,148.70835380811272,0,0,0,0,0,0
-16.900000000000002,47.6,109.54700024879172,-9.1,57.800000000000004,98.94717313833314,0,0,0
54.7,13.600000000000001,13.962281659379306,0,0,0,0,0,0
-30.0,53.5,119.28142706105902,0,0,0,0,0,0
-40.0,3.6,174.85723544211575,0.6000000000000001,44.2,89.22227700573637,-59.800000000000004,22.8,159.12960654725637
-31.6,61.2,117.3091103799667,35.5,40.1,48.48195827930449,0,0,0
-26.700000000000003,62.0,113.29889424615808,30.400000000000002,54.800000000000004,60.98091714839494,26.900000000000002,38.900000000000006,55.33549411468665
45.800000000000004,4.1000000000000005,5.115462535880659,0,0,0,0,0,0
0.8,68.8,89.33380002981687,47.2,31.8,33.96928451402607,41.400000000000006,25.8,31.93068210371782
65.8,17.900000000000002,15.218272547678575,0,0,0,0,0,0
4.9,47.1,84.06065838030436,43.900000000000006,11.200000000000001,14.312291661530596,36.5,37.1,45.467074812314195
-55.7,33.9,148.67457054732662,0,0,0,0,0,0
40.1,56.300000000000004,54.53941032769001,-17.3,54.900000000000006,107.49059841934238,0,0,0
11.600000000000001,37.9,72.98229531209134,-23.3,42.1,118.96207970713759,21.8,52.5,67.44991336869526
-21.0,45.900000000000006,114.58486885811203,52.0,10.700000000000001,11.627415996955722,36.2,58.900000000000006,58.42507376436758
-35.7,2.9000000000000004,175.35591807443896,0,0,0,0,0,0
47.0,8.200000000000001,9.8966719676691,2.6,36.2,85.89188782286413,0,0,0
-56.1,28.400000000000002,153.14969480951387,0,0,0,0,0,0
48.2,2.3000000000000003,2.7319586803850746,-50.300000000000004,30.900000000000002,148.4370067289941,0,0,0
-63.6,15.600000000000001,166.2184027643464,0,0,0,0,0,0
-52.0,12.4,166.58764235813157,0,0,0,0,0,0
25.8,52.7,63.915313767742184,-66.3,1.6,178.61756475187698,0,0,0
16.2,56.400000000000006,73.97413255155026,0,0,0,0,0,0
-45.6,49.2,132.82525588538994,-29.0,52.900000000000006,118.73173643579206,-26.8,45.1,120.7202649826627
-34.6,17.7,152.9074996999121,-23.5,35.6,123.42929529760251,20.5,54.6,69.4209582817465
39.900000000000006,41.1,45.848764271553584,0,0,0,0,0,0
-41.1,34.7,139.82619164351124,-49.1,3.4000000000000004,176.0387948213517,0,0,0
-31.6,27.5,138.9684758425619,43.2,25.6,30.650667957052864,-0.30000000000000004,59.400000000000006,90.2893701634406
35.0,43.900000000000006,51.43581743655889,0,0,0,0,0,0
-14.9,31.8,115.1056018220857,0,0,0,0,0,0
27.6,62.1,66.03751102542182,0,0,0,0,0,0
41.400000000000006,25.8,31.93068210371782,-47.300000000000004,26.6,150.64799789058765,0,0,0
-40.0,44.7,131.8239164164224,-42.400000000000006,1.8,177.56909166295958,0,0,0
-38.5,58.400000000000006,123.39473107203273,50.800000000000004,28.1,28.949157744202953,0,0,0
34.5,60.800000000000004,60.427940792796576,39.2,31.900000000000002,39.13785218174986,3.9000000000000004,45.1,85.0576708952471
55.800000000000004,37.0,33.54765908804816,0,0,0,0,0,0
64.3,24.3,20.70238181483914,-29.900000000000002,51.6,120.0904631307022,0,0,0
-51.5,10.200000000000001,168.79708230537292,-37.4,8.8,166.7594800848128,0,0,0
-40.300000000000004,49.300000000000004,129.26408276270715,40.300000000000004,34.9,40.89272539474287,0,0,0
-13.4,54.2,103.8869064137966,42.800000000000004,25.700000000000003,30.98343903886132,39.2,32.2,39.40066066347943
-45.800000000000004,45.800000000000004,135.0,-48.400000000000006,26.6,151.20738673539918,58.400000000000006,26.1,24.08071819306856
58.7,21.700000000000003,20.28815966687079,37.300000000000004,46.1,51.023310233695426,-68.60000000000001,2.5,177.91288502894625
56.400000000000006,2.5,2.538045145139802,34.5,60.800000000000004,60.427940792796576,58.7,21.700000000000003,20.28815966687079
-32.800000000000004,36.0,132.33699923393286,-15.200000000000001,32.4,115.13295499291334,0,0,0
49.800000000000004,5.0,5.733374758371869,-63.6,16.1,165.7943055525132,0,0,0
-47.800000000000004,39.1,140.71712108318326,43.6,30.700000000000003,35.150465643672966,-48.900000000000006,14.8,163.1611150350537
-5.7,60.5,95.38222727413462,0,0,0,0,0,0
-11.9,62.300000000000004,100.81387751362496,0,0,0,0,0,0
-41.300000000000004,47.5,131.0061004131959,0,0,0,0,0,0
68.7,7.800000000000001,6.477459761941944,-40.900000000000006,42.1,134.17168499485263,-22.200000000000003,65.8,108.64367569378128
-28.5,43.0,123.53604698430745,-46.400000000000006,41.0,138.5355196080636,0,0,0
-55.7,11.3,168.53190152467405,0,0,0,0,0,0
61.400000000000006,26.5,23.344838995098847,15.700000000000001,43.0,69.94203901217892,0,0,0
-63.2,16.400000000000002,165.45296073791107,15.600000000000001,40.5,68.93405434688128,43.300000000000004,51.7,50.053011854166776
-63.300000000000004,26.200000000000003,157.51523601084554,-32.9,33.300000000000004,134.65380614953904,2.1,53.400000000000006,87.74795565459745
-63.6,16.1,165.7943055525132,5.9,64.10000000000001,84.74110329442115,-44.1,39.5,138.14946267629827
28.6,57.7,63.63389170228263,-28.6,47.2,121.21302186846502,0,0,0
44.900000000000006,2.6,3.314094774290512,-36.6,24.700000000000003,145.98602762332712,-7.9,38.300000000000004,101.65473741585465
-23.8,42.0,119.5387822595581,11.100000000000001,55.7,78.72963642819265,0,0,0
-63.1,9.5,171.43815570603354,0,0,0,0,0,0
46.2,20.8,24.238057733161945,-34.2,39.400000000000006,130.95864414556848,0,0,0
-0.1,40.400000000000006,90.14182094678041,0,0,0,0,0,0
24.0,46.900000000000006,62.89994436014885,-49.400000000000006,25.6,152.6059680625825,35.0,39.6,48.52851617585673
-44.800000000000004,9.1,168.5180086452519,32.800000000000004,39.7,50.4366025654433,0,0,0
39.6,56.6,55.021569881716154,57.5,16.8,16.28698558620882,-16.400000000000002,62.800000000000004,104.63572899983966
37.1,22.700000000000003,31.460789469792836,32.1,18.0,29.28142706105902,-14.9,31.8,115.1056018220857
53.1,44.0,39.64600286524797,0,0,0,0,0,0
45.400000000000006,20.900000000000002,24.719093848783455,39.2,32.2,39.40066066347943,-46.400000000000006,41.0,138.5355196080636
20.900000000000002,60.400000000000006,70.9130244373041,0,0,0,0,0,0
-17.6,30.6,119.90593717496341,0,0,0,0,0,0
45.2,18.2,21.932420948981974,-51.300000000000004,28.200000000000003,151.20207014983126,-36.4,51.0,125.51641776344619
18.7,47.2,68.38720066470056,-23.900000000000002,64.9,110.21667665779997,-19.1,30.0,122.48354850793388
45.0,29.5,33.247067749335855,60.900000000000006,25.400000000000002,22.639903107463514,0,0,0
37.1,22.700000000000003,31.460789469792836,-55.6,13.9,165.96375653207352,0,0,0
-24.0,25.8,132.9299693469589,-34.2,11.9,160.8144943807137,0,0,0
11.600000000000001,37.9,72.98229531209134,40.7,23.200000000000003,29.684202707487415,-46.400000000000006,18.6,158.15602307756245
-42.1,41.300000000000004,135.54958294768895,50.5,16.400000000000002,17.991333426942468,12.700000000000001,43.0,73.54555572700353
-29.400000000000002,24.900000000000002,139.73744334801012,6.0,50.400000000000006,83.21102542556122,-27.900000000000002,63.0,113.88649992163474
-27.3,41.2,123.52930537907746,41.300000000000004,51.2,51.10894222957556,0,0,0
9.600000000000001,52.300000000000004,79.59877720579179,-40.800000000000004,46.900000000000006,131.02118291226572,34.9,47.6,53.751380932684974
-66.60000000000001,4.0,176.56294080574548,0,0,0,0,0,0
33.6,10.5,17.35402463626132,21.8,32.7,56.309932474020215,0,0,0
-49.800000000000004,35.1,144.8230807917849,-22.0,62.300000000000004,109.4496554778235,52.0,10.700000000000001,11.627415996955722
-28.6,47.2,121.21302186846502,0,0,0,0,0,0
27.6,62.1,66.03751102542182,0,0,0,0,0,0
29.5,50.0,59.4593951503185,0,0,0,0,0,0
-25.6,64.60000000000001,111.61767164634884,35.5,51.300000000000004,55.31646361773763,0,0,0
51.800000000000004,2.1,2.3215305898327188,-27.200000000000003,47.300000000000004,119.90117764809513,-24.0,38.400000000000006,122.0053832080835
37.6,28.400000000000002,37.06444962991118,35.9,21.400000000000002,30.79918149983127,0,0,0
-44.300000000000004,27.400000000000002,148.26278799782546,19.200000000000003,65.7,73.70966076807477,63.6,27.5,23.38316979774474
-34.800000000000004,60.400000000000006,119.94878000740901,37.6,46.1,50.798688293823325,-63.900000000000006,16.3,165.68981778322038
60.0,33.5,29.176079067978527,-55.7,1.6,178.35461319275444,57.300000000000004,15.600000000000001,15.229732891908515
25.900000000000002,63.300000000000004,67.74745196686091,0,0,0,0,0,0
-52.0,22.1,156.97450799147197,49.6,33.0,33.63671951577898,10.9,38.2,74.0744159169297
-10.8,39.5,105.2919332918101,0,0,0,0,0,0
12.0,42.800000000000004,74.33789365467396,0,0,0,0,0,0
55.800000000000004,37.0,33.54765908804816,-60.1,22.200000000000003,159.7265586353083,0,0,0
44.7,44.1,44.612872245849054,0,0,0,0,0,0
39.7,42.1,46.680567650313705,46.1,0.1,0.12428566083836103,0,0,0
-8.4,43.6,100.90502204523445,0,0,0,0,0,0
16.0,50.400000000000006,72.38742215707619,44.900000000000006,17.900000000000002,21.735375194214406,58.6,29.8,26.95481237239605
11.8,52.900000000000006,77.42532815854887,0,0,0,0,0,0
-49.2,20.3,157.5788766610529,41.7,34.0,39.19200338190325,0,0,0
-35.7,40.0,131.7489117230266,0,0,0,0,0,0
34.2,55.2,58.21908490701659,29.8,43.900000000000006,55.83073169155127,31.400000000000002,32.4,45.897979438601816
37.0,6.6000000000000005,10.113952145791723,57.800000000000004,25.400000000000002,23.722913293422327,8.200000000000001,65.2,82.83172523763928
50.5,16.400000000000002,17.991333426942468,-67.3,11.5,170.30314304324835,0,0,0
-0.8,55.1,90.83182219936974,-33.300000000000004,37.7,131.45381071842235,-10.3,49.5,101.75442145842783
37.0,6.6000000000000005,10.113952145791723,-61.800000000000004,19.0,162.91030168333,-64.9,9.5,171.6722415795225
-37.7,53.2,125.32316437641832,0,0,0,0,0,0
-51.900000000000006,39.5,142.72599898774973,0,0,0,0,0,0
-40.900000000000006,52.900000000000006,127.70965001381725,-22.700000000000003,57.6,111.50926197273272,0,0,0
-54.5,10.200000000000001,169.3993883015326,55.6,2.3000000000000003,2.3687985892867385,0,0,0
-57.400000000000006,2.8000000000000003,177.2072976342867,68.5,2.9000000000000004,2.4242131105346134,0,0,0
14.3,39.800000000000004,70.23681559214342,0,0,0,0,0,0
-38.300000000000004,14.600000000000001,159.13310123116042,0.2,37.0,89.69029610004117,0,0,0
0.4,66.7,89.6564012433848,0,0,0,0,0,0
35.0,43.900000000000006,51.43581743655889,-15.0,55.900000000000006,105.02069266662143,-59.800000000000004,27.700000000000003,155.14592294723252
32.4,55.6,59.76919853029164,-37.1,32.2,139.04448557418112,-21.8,52.300000000000004,112.62764335954749
-40.900000000000006,42.1,134.17168499485263,0,0,0,0,0,0
-37.5,52.6,125.48612500805204,-6.800000000000001,39.5,99.76783413355949,0,0,0
-39.2,46.400000000000006,130.19204603696954,41.7,34.0,39.19200338190325,0,0,0
32.1,18.0,29.28142706105902,0,0,0,0,0,0
-8.1,46.6,99.86061804801496,-30.200000000000003,52.2,120.05127291921293,37.4,39.6,46.63657704161672
14.100000000000001,34.9,68.00072723676755,27.700000000000003,56.2,63.76211602799083,0,0,0
-62.300000000000004,18.3,163.6303782396502,-41.6,17.6,157.06789956241022,0,0,0
-41.2,52.800000000000004,127.96502408956884,58.2,26.3,24.31773647328835,4.2,57.5,85.82233619915571
-28.400000000000002,33.9,129.95486491061683,-22.3,27.400000000000002,129.14106122033695,51.5,32.0,31.855132382449263
-45.1,30.700000000000003,145.75650799244673,34.2,20.400000000000002,30.815705751729187,0,0,0
39.6,46.1,49.3373499122554,-8.5,63.6,97.61234546262543,0,0,0
47.300000000000004,18.8,21.675990249577545,-40.2,49.7,128.96777185301846,0,0,0
64.0,26.8,22.7214981532193,0,0,0,0,0,0
11.9,48.2,76.13169678247661,-15.4,51.400000000000006,106.6787887619912,0,0,0
44.400000000000006,10.700000000000001,13.549408411972092,32.5,37.9,49.38625786887525,0,0,0
54.5,2.3000000000000003,2.4165530831581297,-50.1,27.200000000000003,151.5018376721362,-26.900000000000002,38.900000000000006,124.66450588531336
-31.1,32.2,134.00443894969183,45.300000000000004,32.6,35.74055722978036,-22.700000000000003,63.800000000000004,109.58552674718493
-42.1,21.200000000000003,153.27186829695978,-24.1,46.6,117.34653082242798,67.7,5.800000000000001,4.896692027314953
31.0,16.8,28.454835477789842,-53.300000000000004,43.0,141.10499944520024,55.0,34.300000000000004,31.94916496331546
38.0,33.1,41.0575794117149,0,0,0,0,0,0
48.900000000000006,41.6,40.38833614783772,0,0,0,0,0,0
-19.5,48.1,112.0678995624102,-47.300000000000004,38.400000000000006,140.92894994198963,0,0,0
-27.1,28.1,133.96214650669864,-38.6,18.5,154.39278275278807,0,0,0
36.9,37.5,45.462052721430766,47.7,22.1,24.858872882630994,-21.200000000000003,66.3,107.73212807985465
0.8,68.8,89.33380002981687,-52.0,10.600000000000001,168.47833242364322,0,0,0
-12.200000000000001,59.300000000000004,101.62545511916446,-23.3,42.1,118.96207970713759,-7.300000000000001,59.6,96.9829903323912
-55.1,31.8,150.00935940905572,46.800000000000004,35.4,37.10423490570622,-59.800000000000004,27.700000000000003,155.14592294723252
-36.6,59.1,121.76949157859751,28.1,23.3,39.66489425934427,31.0,31.200000000000003,45.18423016737505
25.5,45.400000000000006,60.67820990860861,36.0,33.9,43.27918516632713,44.7,38.0,40.36825707825531
-65.10000000000001,12.600000000000001,169.04593735660166,37.300000000000004,35.4,43.502927015485895,0,0,0
64.0,28.3,23.854415229612208,-39.5,37.800000000000004,136.25985933365848,-50.2,8.3,170.61172722346058
37.300000000000004,46.1,51.023310233695426,0,0,0,0,0,0
56.400000000000006,7.1000000000000005,7.175023562486326,-37.300000000000004,50.1,126.66808817792952,-40.5,14.600000000000001,160.17607959622944
-33.7,48.6,124.73804417198626,49.400000000000006,31.3,32.358479427367016,47.300000000000004,47.300000000000004,45.0
37.7,2.1,3.188247304982627,15.100000000000001,48.300000000000004,72.63922117545061,-25.900000000000002,55.0,115.21617244030844
-45.300000000000004,7.6000000000000005,170.47615765150078,0,0,0,0,0,0
33.1,33.4,45.258475447354776,19.200000000000003,31.700000000000003,58.79762290603163,0,0,0
-5.9,60.300000000000004,95.58826697524773,-19.6,55.0,109.61421868681775,-51.400000000000006,21.6,157.20622455551626
-6.2,45.5,97.75954658145697,-9.3,51.6,100.21687962972673,0,0,0
-8.6,36.9,103.1192958383742,27.700000000000003,56.2,63.76211602799083,-50.400000000000006,24.8,153.79988515865267
-26.6,59.2,114.1955431128227,-30.700000000000003,29.400000000000002,136.23914974932862,0,0,0
-35.1,18.5,152.20783117207412,0,0,0,0,0,0
30.1,31.400000000000002,46.210949959642306,35.4,56.900000000000006,58.11243458436104,0,0,0
-29.6,32.6,132.23867784056867,-30.400000000000002,35.0,130.97664768096666,51.400000000000006,19.700000000000003,20.970253717639707
29.3,22.400000000000002,37.39809756904868,3.0,50.7,86.61366567121631,-52.5,8.3,171.01616529066263
46.1,43.900000000000006,43.599715360794356,0,0,0,0,0,0
50.900000000000006,27.3,28.206696174942877,0,0,0,0,0,0
11.5,35.800000000000004,72.19147292269369,-18.1,62.400000000000006,106.17554684291652,-22.8,44.2,117.28636280994998
30.8,59.2,62.51338037571205,-26.8,45.1,120.7202649826627,0,0,0
51.300000000000004,23.3,24.427122883276454,18.5,56.300000000000004,71.80964213317812,-41.400000000000006,36.7,138.44386410112335
-23.400000000000002,53.6,113.584501468431,0,0,0,0,0,0
49.6,8.1,9.274898017160321,-25.0,29.3,130.47221397459387,49.800000000000004,27.3,28.731234739008123
10.200000000000001,59.7,80.30439007661758,47.7,17.400000000000002,20.04095181220426,32.7,12.5,20.920005489769675
49.900000000000006,44.6,41.78994881890405,-69.8,1.0,179.17919971410507,-15.600000000000001,40.7,110.97144772796572
31.400000000000002,38.800000000000004,51.01750303284571,58.2,26.3,24.31773647328835,0,0,0
-8.6,36.9,103.1192958383742,0,0,0,0,0,0
47.300000000000004,0.1,0.12113254576841094,0,0,0,0,0,0
-56.5,27.8,153.80118106210872,63.6,27.5,23.38316979774474,0,0,0
8.200000000000001,65.2,82.83172523763928,16.900000000000002,60.800000000000004,74.466168793056,0,0,0
65.4,19.1,16.28038756880978,-65.0,18.8,163.86850396744967,-54.900000000000006,5.5,174.27907398984178
-29.0,34.800000000000004,129.80557109226518,-37.1,32.1,139.1326866231652,3.2,69.0,87.34470701346706
-66.5,16.3,166.22760345683443,0,0,0,0,0,0
-2.2,48.6,92.59186670523499,0,0,0,0,0,0
30.900000000000002,37.6,50.58634341283914,0,0,0,0,0,0
14.700000000000001,62.6,76.78499022538585,0,0,0,0,0,0
29.400000000000002,31.1,46.60954053007441,-13.4,67.4,101.24452636143468,-14.9,31.8,115.1056018220857
-53.5,41.7,142.06574998316282,-31.700000000000003,35.4,131.84381650673913,0,0,0
49.400000000000006,31.3,32.358479427367016,10.200000000000001,59.7,80.30439007661758,-41.7,7.0,170.4708475973445
25.6,27.3,46.84062978606896,0,0,0,0,0,0
10.700000000000001,37.300000000000004,73.99375904636032,10.9,58.0,79.35648887864775,0,0,0
-35.1,22.3,147.57107681215308,-23.6,47.400000000000006,116.46826785779079,-6.4,37.6,99.65989307844234
14.100000000000001,34.9,68.00072723676755,0,0,0,0,0,0
23.8,46.7,62.99497281625725,-51.300000000000004,23.1,155.75832427154643,0,0,0
55.0,41.7,37.16874281503007,10.5,65.4,80.87897400546801,0,0,0
-34.9,16.8,154.29498253170456,0,0,0,0,0,0
8.9,51.900000000000006,80.2693573393167,39.5,40.300000000000004,45.57437453818823,0,0,0
45.0,32.0,35.41705527646743,24.700000000000003,62.800000000000004,68.52968516876292,0,0,0
63.2,8.1,7.3034725505350035,-2.2,41.5,93.03452613201833,-44.6,43.0,136.04638190709815
-23.8,51.0,115.01689347810002,-49.7,26.400000000000002,152.02333533001078,0,0,0
-39.0,22.5,150.01836063115064,-30.200000000000003,52.2,120.05127291921293,-37.2,3.3000000000000003,174.9305798673875
-45.900000000000006,35.0,142.6734928494321,10.5,49.400000000000006,78.00032641392761,0,0,0
-5.4,47.800000000000004,96.4454180362597,0,0,0,0,0,0
46.300000000000004,44.300000000000004,43.73539789547649,-5.4,50.1,96.15184337928555,17.3,35.2,63.826932076781254
35.800000000000004,45.5,51.803864759648825,0,0,0,0,0,0
-61.0,32.9,151.6600504106737,0,0,0,0,0,0
38.0,33.1,41.0575794117149,-10.8,58.5,100.45990909292912,35.1,1.6,2.6099666712506617
-15.200000000000001,32.4,115.13295499291334,-29.0,25.5,138.67449952082964,11.4,61.6,79.5151845129858
-42.300000000000004,12.200000000000001,163.91158840979298,9.600000000000001,50.6,79.25733393583772,0,0,0
48.1,50.5,46.394348108657745,0,0,0,0,0,0
30.400000000000002,36.4,50.132554439872976,7.800000000000001,37.1,78.1269093501569,0,0,0
67.9,2.4000000000000004,2.024339438744664,7.2,47.300000000000004,81.34488450573755,60.2,29.900000000000002,26.412567759265446
-34.7,50.7,124.38844650256816,33.800000000000004,35.5,46.40524233987253,9.700000000000001,47.1,78.36293367736432
-55.300000000000004,36.2,146.79079218269064,-64.4,5.0,175.56047600110531,0,0,0
-52.0,22.1,156.97450799147197,0,0,0,0,0,0
-25.3,47.2,118.19206275200423,-61.0,34.2,150.72258010383803,0,0,0
48.400000000000006,9.0,10.533861809684488,-3.0,64.5,92.66300076606714,41.300000000000004,43.400000000000006,46.42026554639905
-6.800000000000001,39.5,99.76783413355949,-43.800000000000004,48.5,132.0849645270752,59.2,12.100000000000001,11.551685383288316
33.1,59.400000000000006,60.871740461477216,-3.2,63.900000000000006,92.8668772663394,0,0,0
-10.0,66.4,98.56451864257558,-29.900000000000002,51.6,120.0904631307022,0,0,0
-21.8,45.2,115.74805443985348,-51.300000000000004,23.1,155.75832427154643,-48.900000000000006,36.5,143.26155753372194
63.1,14.9,13.286061017988915,0,0,0,0,0,0
-21.1,42.900000000000006,116.18987369878843,0,0,0,0,0,0
-10.5,47.0,102.59332995610312,-42.1,40.2,136.3225108990067,0,0,0
38.2,21.8,29.712565575883254,0,0,0,0,0,0
-4.6000000000000005,51.400000000000006,95.11401383139514,0,0,0,0,0,0
36.2,47.0,52.39607655971266,1.4000000000000001,64.3,88.7526995417106,0,0,0
-53.800000000000004,42.400000000000006,141.758210991968,18.0,35.1,62.850318302216834,19.700000000000003,35.800000000000004,61.17692025324546
-57.6,11.600000000000001,168.61357120359082,60.1,18.5,17.10942787928878,0,0,0
-38.300000000000004,18.400000000000002,154.3395438566547,-35.9,5.2,171.75821010794607,-35.7,12.8,160.27503896952612
22.6,46.2,63.93316043553565,0,0,0,0,0,0
-29.400000000000002,24.900000000000002,139.73744334801012,-47.0,14.8,162.5211179304797,0,0,0
2.6,36.2,85.89188782286413,-49.800000000000004,32.1,147.19504966189868,-3.4000000000000004,64.8,93.00350582930696
-46.0,25.900000000000002,150.6185973905451,0,0,0,0,0,0
56.1,26.400000000000002,25.20112364547507,0,0,0,0,0,0
-63.5,11.0,170.17227598883687,0,0,0,0,0,0
-40.0,3.6,174.85723544211575,-30.1,36.4,129.58813084768298,-7.1000000000000005,51.300000000000004,97.8797673899732
-15.0,55.900000000000006,105.02069266662143,13.0,45.5,74.05460409907715,38.5,13.0,18.657888474119535
-64.60000000000001,8.9,172.1556907492069,0,0,0,0,0,0
-20.700000000000003,34.800000000000004,120.74534928177333,7.300000000000001,56.300000000000004,82.61210339615637,0,0,0
-11.9,40.400000000000006,106.41257226881714,0,0,0,0,0,0
-30.0,53.5,119.28142706105902,-46.7,49.7,133.21751160552327,0,0,0
9.600000000000001,54.7,80.04580781346792,-50.300000000000004,23.0,155.4274450026926,-62.7,24.6,158.57771338080624
-34.0,34.9,134.25162163994386,-33.1,18.900000000000002,150.27376360298965,-12.3,35.6,109.06031872646602
57.400000000000006,36.1,32.16660273432797,0,0,0,0,0,0
34.2,53.6,57.45969341274275,0,0,0,0,0,0
27.5,61.6,65.94265054998827,48.7,3.1,3.642250492614311,10.100000000000001,38.2,75.19001158262147
40.0,40.1,45.07153027433961,-55.1,31.8,150.00935940905572,0,0,0
29.8,19.1,32.657418437387534,14.600000000000001,50.5,73.87494716131319,23.400000000000002,34.300000000000004,55.69757604971573
-54.7,12.200000000000001,167.42683713848362,-24.5,65.4,110.5368410039416,0,0,0
4.6000000000000005,62.900000000000006,85.8172937633949,0,0,0,0,0,0
-50.0,18.6,159.5947989589224,64.3,24.3,20.70238181483914,0,0,0
45.800000000000004,4.1000000000000005,5.115462535880659,16.5,39.900000000000006,67.53325007900426,0,0,0
1.7000000000000002,56.5,88.27657614810637,0,0,0,0,0,0
25.200000000000003,29.700000000000003,49.68589983950271,-36.7,14.100000000000001,158.9834151166401,0,0,0
-23.900000000000002,64.9,110.21667665779997,0,0,0,0,0,0
-53.1,11.4,167.8831380708774,5.9,64.10000000000001,84.74110329442115,0,0,0
-33.1,45.1,126.27586186840428,-0.30000000000000004,59.900000000000006,90.28695476023334,-43.5,5.7,172.53480914387856
-34.800000000000004,55.5,122.08882360469717,-36.6,24.700000000000003,145.98602762332712,32.1,18.0,29.28142706105902
-43.0,36.0,140.06361685303008,42.7,26.700000000000003,32.017442938385955,0,0,0
39.900000000000006,17.6,23.802408051381303,0,0,0,0,0,0
37.0,49.7,53.33354035482174,-16.400000000000002,62.800000000000004,104.63572899983966,43.6,38.300000000000004,41.29737734385299
-68.4,12.100000000000001,169.96812904010966,-33.300000000000004,60.5,118.82896787784317,0,0,0
-23.700000000000003,34.1,124.79986699280292,54.800000000000004,43.0,38.12026753459294,0,0,0
50.800000000000004,28.1,28.949157744202953,39.300000000000004,14.600000000000001,20.3800955843363,0,0,0
54.2,21.0,21.17905169479271,0,0,0,0,0,0
-8.1,46.6,99.86061804801496,-24.700000000000003,29.400000000000002,130.03482940664216,0,0,0
4.7,41.300000000000004,83.50758815656127,8.1,58.0,82.04976789137838,-48.1,0.0,-0.0
-29.400000000000002,53.5,118.79023404114518,9.600000000000001,47.7,78.62078608512333,0,0,0
36.6,18.400000000000002,26.69015093355253,0,0,0,0,0,0
50.1,14.9,16.562750973111413,55.5,10.3,10.51365602264822,-61.2,5.7,174.6789787672988
47.2,37.800000000000004,38.68940317889254,-56.5,27.8,153.80118106210872,0,0,0
8.0,36.4,77.60459316624154,-17.400000000000002,30.6,119.6237487511738,-53.400000000000006,41.1,142.41585537125235
18.5,56.300000000000004,71.80964213317812,0,0,0,0,0,0
-26.0,50.0,117.47443162627712,44.900000000000006,3.2,4.076548122324572,-3.2,63.900000000000006,92.8668772663394
63.2,8.1,7.3034725505350035,-22.6,41.0,118.86441133869447,0,0,0
-43.7,2.4000000000000004,176.85647898776773,0,0,0,0,0,0
-66.5,16.3,166.22760345683443,13.8,57.300000000000004,76.45889291794853,0,0,0
16.0,46.800000000000004,71.12545024179668,-16.0,57.1,105.65341159760258,0,0,0
12.600000000000001,57.900000000000006,77.72290194889197,36.2,35.5,44.44064474930878,-38.1,1.6,177.5952909769918
-68.7,4.5,176.25235502523395,8.5,54.400000000000006,81.11934084947976,45.2,50.7,48.28239795884251
2.3000000000000003,42.400000000000006,86.89501736141744,-55.900000000000006,6.0,173.87363947714044,0,0,0
-29.400000000000002,53.5,118.79023404114518,9.600000000000001,52.300000000000004,79.59877720579179,0,0,0
-57.2,24.6,156.72891381076712,-57.6,11.600000000000001,168.61357120359082,0,0,0
28.0,21.200000000000003,37.13092444820949,0,0,0,0,0,0
-47.2,20.3,156.7281974389076,0,0,0,0,0,0
3.9000000000000004,45.1,85.0576708952471,-51.300000000000004,28.200000000000003,151.20207014983126,-5.4,47.800000000000004,96.4454180362597
13.700000000000001,52.6,75.40129929954665,0,0,0,0,0,0
65.5,23.900000000000002,20.04629262734928,0,0,0,0,0,0
-17.7,58.300000000000004,106.88839798317218,13.5,45.1,73.33572775322779,49.2,1.4000000000000001,1.6299278853841694
63.7,1.2000000000000002,1.079227690065884,0,0,0,0,0,0
-21.8,52.300000000000004,112.62764335954749,23.5,27.5,49.48460600954463,0,0,0
-7.9,41.0,100.90625822680263,-48.6,9.1,169.39458146836816,0,0,0
35.800000000000004,45.5,51.803864759648825,65.3,5.5,4.814467993018388,-26.1,64.7,111.96916348521322
53.300000000000004,4.2,4.505554339389991,-43.7,54.300000000000004,128.8267011573171,0,0,0
30.3,25.200000000000003,39.74972727026695,0,0,0,0,0,0
-41.2,21.400000000000002,152.55184682143528,51.0,7.1000000000000005,7.925531640457811,0,0,0
-45.800000000000004,19.6,156.83161284650248,22.6,60.900000000000006,69.64010172779783,-38.300000000000004,14.600000000000001,159.13310123116042
-50.7,2.7,176.9516250597017,33.7,32.1,43.60706404786168,0,0,0
36.6,12.8,19.276098853467857,-46.900000000000006,21.1,155.77733454545242,-12.5,46.400000000000006,105.07734445117731
-4.6000000000000005,44.300000000000004,95.92820340744832,16.5,39.900000000000006,67.53325007900426,0,0,0
40.400000000000006,53.800000000000004,53.09603827998097,-51.7,25.1,154.10374077589069,-30.6,39.800000000000004,127.55467515285318
-13.0,42.6,106.97031901771663,0,0,0,0,0,0
-33.0,47.2,124.95941947404661,9.700000000000001,59.900000000000006,80.8015687061805,0,0,0
-48.6,9.1,169.39458146836816,-58.6,5.9,174.25068696333432,-64.60000000000001,8.9,172.1556907492069
-26.900000000000002,61.900000000000006,113.48841105098964,-59.1,27.0,155.44657691657048,0,0,0
-35.800000000000004,2.8000000000000003,175.5278699357156,33.9,59.0,60.119346967824164,-11.0,40.0,105.3762512488262
46.800000000000004,35.4,37.10423490570622,53.300000000000004,4.2,4.505554339389991,0,0,0
-8.5,63.6,97.61234546262543,0,0,0,0,0,0
-22.8,55.1,112.4794343971031,-39.400000000000006,57.2,124.55950542669389,0,0,0
-37.7,58.2,122.93380715796859,-53.400000000000006,41.1,142.41585537125235,-8.200000000000001,56.400000000000006,98.27227521251294
45.7,20.400000000000002,24.05548265151399,-26.900000000000002,38.900000000000006,124.66450588531336,-29.6,20.200000000000003,145.6891046718554
-39.0,22.5,150.01836063115064,0,0,0,0,0,0
-11.5,51.6,102.564073880024,0,0,0,0,0,0
0.9,48.800000000000004,88.94343532080539,-39.2,34.0,139.06336599293303,0,0,0
9.600000000000001,69.10000000000001,82.09057764333105,28.6,31.3,47.580867474451765,0,0,0
-34.5,50.900000000000006,124.12940408976866,-48.7,47.1,135.95683428919602,19.200000000000003,65.7,73.70966076807477
-45.900000000000006,3.4000000000000004,175.76360520094116,0,0,0,0,0,0
66.8,3.7,3.1703291201149733,-45.5,11.3,166.05267903622888,0,0,0
